Workbook

Sheet armorBaseData(read)
B1: lookup_Series | C1: lookup_Armor | D1: 模型编号 | E1: Lv1SlotNum | F1: Lv2SlotNum | G1: Lv3SlotNum | H1: Lv4SlotNum | I1: SkillLookUp[0] | J1: SkillLV[0] | K1: SkillLookUp[1] | L1: SkillLV[1] | M1: SkillLookUp[2] | N1: SkillLV[2] | O1: SkillLookUp[3] | P1: SkillLV[3] | Q1: SkillLookUp[4] | R1: SkillLV[4] | S1: 词条池 | T1: Cost
A2: 1 | B2: 炎火装束 | C2: 炎火装束【头巾】 | D2: pl200 | E2: 0 | F2: 0 | G2: 0 | H2: 0 | I2: 精灵加护 | J2: 1 | L2: 0 | N2: 0 | P2: 0 | R2: 0 | S2: 0 | T2: 0
A3: 2 | B3: 炎火装束 | C3: 炎火装束【上衣】 | D3: pl200 | E3: 0 | F3: 0 | G3: 0 | H3: 0 | I3: 翔虫使 | J3: 1 | L3: 0 | N3: 0 | P3: 0 | R3: 0 | S3: 0 | T3: 0
A4: 3 | B4: 炎火装束 | C4: 炎火装束【手甲】 | D4: pl200 | E4: 0 | F4: 0 | G4: 0 | H4: 0 | I4: 火场怪力 | J4: 1 | L4: 0 | N4: 0 | P4: 0 | R4: 0 | S4: 0 | T4: 0
A5: 4 | B5: 炎火装束 | C5: 炎火装束【腰卷】 | D5: pl200 | E5: 0 | F5: 0 | G5: 0 | H5: 0 | I5: 看破 | J5: 1 | L5: 0 | N5: 0 | P5: 0 | R5: 0 | S5: 0 | T5: 0
A6: 5 | B6: 炎火装束 | C6: 炎火装束【绑腿】 | D6: pl200 | E6: 0 | F6: 0 | G6: 0 | H6: 0 | I6: 墙面移动 | J6: 1 | L6: 0 | N6: 0 | P6: 0 | R6: 0 | S6: 0 | T6: 0
A7: 1 | B7: 炎火装束・霸 | C7: 炎火装束【头巾】霸 | D7: pl200 | E7: 1 | F7: 0 | G7: 0 | H7: 0 | I7: 精灵加护 | J7: 1 | K7: 死里逃生 | L7: 1 | N7: 0 | P7: 0 | R7: 0 | S7: 0 | T7: 0
A8: 2 | B8: 炎火装束・霸 | C8: 炎火装束【上衣】霸 | D8: pl200 | E8: 1 | F8: 0 | G8: 0 | H8: 0 | I8: 翔虫使 | J8: 2 | K8: 墙面移动 | L8: 1 | M8: 看破 | N8: 1 | P8: 0 | R8: 0 | S8: 0 | T8: 0
A9: 3 | B9: 炎火装束・霸 | C9: 炎火装束【手甲】霸 | D9: pl200 | E9: 0 | F9: 1 | G9: 0 | H9: 0 | I9: 看破 | J9: 2 | K9: 火场怪力 | L9: 1 | N9: 0 | P9: 0 | R9: 0 | S9: 0 | T9: 0
A10: 4 | B10: 炎火装束・霸 | C10: 炎火装束【腰卷】霸 | D10: pl200 | E10: 2 | F10: 0 | G10: 0 | H10: 0 | I10: 翔虫使 | J10: 1 | K10: 看破 | L10: 1 | N10: 0 | P10: 0 | R10: 0 | S10: 0 | T10: 0
A11: 5 | B11: 炎火装束・霸 | C11: 炎火装束【绑腿】霸 | D11: pl200 | E11: 1 | F11: 0 | G11: 0 | H11: 0 | I11: 墙面移动 | J11: 2 | K11: 死里逃生 | L11: 1 | N11: 0 | P11: 0 | R11: 0 | S11: 0 | T11: 0
A12: 1 | B12: 皮制 | C12: 皮制头饰 | D12: pl001 | E12: 0 | F12: 0 | G12: 0 | H12: 0 | I12: 饥饿耐性 | J12: 1 | L12: 0 | N12: 0 | P12: 0 | R12: 0 | S12: 0 | T12: 0
A13: 2 | B13: 皮制 | C13: 皮制服饰 | D13: pl001 | E13: 0 | F13: 0 | G13: 0 | H13: 0 | I13: 植生学 | J13: 1 | L13: 0 | N13: 0 | P13: 0 | R13: 0 | S13: 0 | T13: 0
A14: 3 | B14: 皮制 | C14: 皮制手套 | D14: pl001 | E14: 0 | F14: 0 | G14: 0 | H14: 0 | I14: 地质学 | J14: 1 | L14: 0 | N14: 0 | P14: 0 | R14: 0 | S14: 0 | T14: 0
A15: 4 | B15: 皮制 | C15: 皮制腰带 | D15: pl001 | E15: 0 | F15: 0 | G15: 0 | H15: 0 | I15: 体力回复量提升 | J15: 1 | L15: 0 | N15: 0 | P15: 0 | R15: 0 | S15: 0 | T15: 0
A16: 5 | B16: 皮制 | C16: 皮制长裤 | D16: pl001 | E16: 0 | F16: 0 | G16: 0 | H16: 0 | I16: 地质学 | J16: 1 | L16: 0 | N16: 0 | P16: 0 | R16: 0 | S16: 0 | T16: 0
A17: 1 | B17: 皮制S | C17: 皮制S头饰 | D17: pl001 | E17: 2 | F17: 0 | G17: 0 | H17: 0 | I17: 地质学 | J17: 1 | K17: 饥饿耐性 | L17: 1 | N17: 0 | P17: 0 | R17: 0 | S17: 0 | T17: 0
A18: 2 | B18: 皮制S | C18: 皮制S服饰 | D18: pl001 | E18: 0 | F18: 1 | G18: 0 | H18: 0 | I18: 植生学 | J18: 1 | L18: 0 | N18: 0 | P18: 0 | R18: 0 | S18: 0 | T18: 0
A19: 3 | B19: 皮制S | C19: 皮制S手套 | D19: pl001 | E19: 2 | F19: 0 | G19: 0 | H19: 0 | I19: 地质学 | J19: 1 | K19: 特殊射击强化 | L19: 1 | N19: 0 | P19: 0 | R19: 0 | S19: 0 | T19: 0
A20: 4 | B20: 皮制S | C20: 皮制S腰带 | D20: pl001 | E20: 1 | F20: 0 | G20: 0 | H20: 0 | I20: 体力回复量提升 | J20: 1 | K20: 饥饿耐性 | L20: 2 | N20: 0 | P20: 0 | R20: 0 | S20: 0 | T20: 0
A21: 5 | B21: 皮制S | C21: 皮制S长裤 | D21: pl001 | E21: 0 | F21: 1 | G21: 0 | H21: 0 | I21: 地质学 | J21: 1 | L21: 0 | N21: 0 | P21: 0 | R21: 0 | S21: 0 | T21: 0
A22: 1 | B22: 锁甲 | C22: 锁甲头饰 | D22: pl014 | E22: 0 | F22: 0 | G22: 0 | H22: 0 | I22: 植生学 | J22: 1 | K22: 防御 | L22: 1 | N22: 0 | P22: 0 | R22: 0 | S22: 0 | T22: 0
A23: 2 | B23: 锁甲 | C23: 锁甲服饰 | D23: pl014 | E23: 0 | F23: 0 | G23: 0 | H23: 0 | I23: 无伤 | J23: 1 | K23: 防御 | L23: 1 | N23: 0 | P23: 0 | R23: 0 | S23: 0 | T23: 0
A24: 3 | B24: 锁甲 | C24: 锁甲手套 | D24: pl014 | E24: 0 | F24: 0 | G24: 0 | H24: 0 | I24: 植生学 | J24: 1 | L24: 0 | N24: 0 | P24: 0 | R24: 0 | S24: 0 | T24: 0
A25: 4 | B25: 锁甲 | C25: 锁甲腰带 | D25: pl014 | E25: 0 | F25: 0 | G25: 0 | H25: 0 | I25: 防御性能 | J25: 1 | L25: 0 | N25: 0 | P25: 0 | R25: 0 | S25: 0 | T25: 0
A26: 5 | B26: 锁甲 | C26: 锁甲长裤 | D26: pl014 | E26: 0 | F26: 0 | G26: 0 | H26: 0 | I26: 耐力急速回复 | J26: 1 | L26: 0 | N26: 0 | P26: 0 | R26: 0 | S26: 0 | T26: 0
A27: 1 | B27: 锁甲S | C27: 锁甲S头饰 | D27: pl014 | E27: 0 | F27: 1 | G27: 0 | H27: 0 | I27: 植生学 | J27: 1 | K27: 防御 | L27: 1 | N27: 0 | P27: 0 | R27: 0 | S27: 0 | T27: 0
A28: 2 | B28: 锁甲S | C28: 锁甲S服饰 | D28: pl014 | E28: 1 | F28: 0 | G28: 0 | H28: 0 | I28: 防御 | J28: 1 | K28: 减轻胆怯 | L28: 2 | N28: 0 | P28: 0 | R28: 0 | S28: 0 | T28: 0
A29: 3 | B29: 锁甲S | C29: 锁甲S手套 | D29: pl014 | E29: 2 | F29: 0 | G29: 0 | H29: 0 | I29: 植生学 | J29: 1 | K29: 防御 | L29: 2 | N29: 0 | P29: 0 | R29: 0 | S29: 0 | T29: 0
A30: 4 | B30: 锁甲S | C30: 锁甲S腰带 | D30: pl014 | E30: 2 | F30: 0 | G30: 0 | H30: 0 | I30: 植生学 | J30: 1 | K30: 防御性能 | L30: 1 | N30: 0 | P30: 0 | R30: 0 | S30: 0 | T30: 0
A31: 5 | B31: 锁甲S | C31: 锁甲S长裤 | D31: pl014 | E31: 2 | F31: 0 | G31: 0 | H31: 0 | I31: 植生学 | J31: 1 | K31: 耐力急速回复 | L31: 1 | N31: 0 | P31: 0 | R31: 0 | S31: 0 | T31: 0
A32: 1 | B32: 猎人 | C32: 猎人头盔 | D32: pl002 | E32: 0 | F32: 0 | G32: 0 | H32: 0 | I32: 道具使用强化 | J32: 1 | L32: 0 | N32: 0 | P32: 0 | R32: 0 | S32: 0 | T32: 0
A33: 2 | B33: 猎人 | C33: 猎人铠甲 | D33: pl002 | E33: 0 | F33: 0 | G33: 0 | H33: 0 | I33: 攻击 | J33: 1 | L33: 0 | N33: 0 | P33: 0 | R33: 0 | S33: 0 | T33: 0
A34: 3 | B34: 猎人 | C34: 猎人腕甲 | D34: pl002 | E34: 0 | F34: 0 | G34: 0 | H34: 0 | I34: 纳刀术 | J34: 1 | L34: 0 | N34: 0 | P34: 0 | R34: 0 | S34: 0 | T34: 0
A35: 4 | B35: 猎人 | C35: 猎人腰甲 | D35: pl002 | E35: 0 | F35: 0 | G35: 0 | H35: 0 | I35: 昏厥耐性 | J35: 1 | L35: 0 | N35: 0 | P35: 0 | R35: 0 | S35: 0 | T35: 0
A36: 5 | B36: 猎人 | C36: 猎人护腿 | D36: pl002 | E36: 0 | F36: 0 | G36: 0 | H36: 0 | I36: 昏厥耐性 | J36: 1 | K36: 攻击 | L36: 1 | N36: 0 | P36: 0 | R36: 0 | S36: 0 | T36: 0
A37: 1 | B37: 猎人S | C37: 猎人S头盔 | D37: pl002 | E37: 0 | F37: 1 | G37: 0 | H37: 0 | I37: 道具使用强化 | J37: 1 | L37: 0 | N37: 0 | P37: 0 | R37: 0 | S37: 0 | T37: 0
A38: 2 | B38: 猎人S | C38: 猎人S铠甲 | D38: pl002 | E38: 1 | F38: 0 | G38: 0 | H38: 0 | I38: 攻击 | J38: 1 | K38: 匠 | L38: 1 | N38: 0 | P38: 0 | R38: 0 | S38: 0 | T38: 0
A39: 3 | B39: 猎人S | C39: 猎人S腕甲 | D39: pl002 | E39: 0 | F39: 1 | G39: 0 | H39: 0 | I39: 纳刀术 | J39: 1 | L39: 0 | N39: 0 | P39: 0 | R39: 0 | S39: 0 | T39: 0
A40: 4 | B40: 猎人S | C40: 猎人S腰甲 | D40: pl002 | E40: 2 | F40: 0 | G40: 0 | H40: 0 | I40: 昏厥耐性 | J40: 2 | L40: 0 | N40: 0 | P40: 0 | R40: 0 | S40: 0 | T40: 0
A41: 5 | B41: 猎人S | C41: 猎人S护腿 | D41: pl002 | E41: 0 | F41: 1 | G41: 0 | H41: 0 | I41: 昏厥耐性 | J41: 1 | K41: 攻击 | L41: 2 | N41: 0 | P41: 0 | R41: 0 | S41: 0 | T41: 0
A42: 1 | B42: 杜宾 | C42: 杜宾头盔 | D42: pl044 | E42: 2 | F42: 0 | G42: 0 | H42: 0 | I42: 龙属性攻击强化 | J42: 1 | K42: 攻击 | L42: 1 | M42: 火场怪力 | N42: 1 | P42: 0 | R42: 0 | S42: 0 | T42: 0
A43: 2 | B43: 杜宾 | C43: 杜宾铠甲 | D43: pl044 | E43: 1 | F43: 0 | G43: 0 | H43: 0 | I43: 龙属性攻击强化 | J43: 1 | K43: 集中 | L43: 1 | M43: 强化持续 | N43: 1 | O43: 火场怪力 | P43: 1 | R43: 0 | S43: 0 | T43: 0
A44: 3 | B44: 杜宾 | C44: 杜宾腕甲 | D44: pl044 | E44: 2 | F44: 1 | G44: 0 | H44: 0 | I44: 龙属性攻击强化 | J44: 1 | K44: 强化持续 | L44: 1 | N44: 0 | P44: 0 | R44: 0 | S44: 0 | T44: 0
A45: 4 | B45: 杜宾 | C45: 杜宾腰甲 | D45: pl044 | E45: 0 | F45: 1 | G45: 0 | H45: 0 | I45: 龙属性攻击强化 | J45: 1 | K45: 攻击 | L45: 2 | N45: 0 | P45: 0 | R45: 0 | S45: 0 | T45: 0
A46: 5 | B46: 杜宾 | C46: 杜宾护腿 | D46: pl044 | E46: 0 | F46: 1 | G46: 0 | H46: 0 | I46: 龙属性攻击强化 | J46: 1 | K46: 集中 | L46: 1 | M46: 火场怪力 | N46: 1 | P46: 0 | R46: 0 | S46: 0 | T46: 0
A47: 1 | B47: 合金 | C47: 合金头盔 | D47: pl004 | E47: 0 | F47: 0 | G47: 0 | H47: 0 | I47: 水属性攻击强化 | J47: 1 | L47: 0 | N47: 0 | P47: 0 | R47: 0 | S47: 0 | T47: 0
A48: 2 | B48: 合金 | C48: 合金铠甲 | D48: pl004 | E48: 0 | F48: 0 | G48: 0 | H48: 0 | I48: 砥石使用高速化 | J48: 1 | L48: 0 | N48: 0 | P48: 0 | R48: 0 | S48: 0 | T48: 0
A49: 3 | B49: 合金 | C49: 合金腕甲 | D49: pl004 | E49: 0 | F49: 0 | G49: 0 | H49: 0 | I49: 看破 | J49: 1 | L49: 0 | N49: 0 | P49: 0 | R49: 0 | S49: 0 | T49: 0
A50: 4 | B50: 合金 | C50: 合金腰甲 | D50: pl004 | E50: 0 | F50: 0 | G50: 0 | H50: 0 | I50: 水属性攻击强化 | J50: 1 | K50: 看破 | L50: 1 | N50: 0 | P50: 0 | R50: 0 | S50: 0 | T50: 0
A51: 5 | B51: 合金 | C51: 合金护腿 | D51: pl004 | E51: 0 | F51: 0 | G51: 0 | H51: 0 | I51: 砥石使用高速化 | J51: 1 | L51: 0 | N51: 0 | P51: 0 | R51: 0 | S51: 0 | T51: 0
A52: 1 | B52: 合金S | C52: 合金S头盔 | D52: pl004 | E52: 1 | F52: 0 | G52: 0 | H52: 0 | I52: 水属性攻击强化 | J52: 1 | K52: 刚刃打磨 | L52: 1 | N52: 0 | P52: 0 | R52: 0 | S52: 0 | T52: 0
A53: 2 | B53: 合金S | C53: 合金S铠甲 | D53: pl004 | E53: 0 | F53: 1 | G53: 0 | H53: 0 | I53: 砥石使用高速化 | J53: 2 | L53: 0 | N53: 0 | P53: 0 | R53: 0 | S53: 0 | T53: 0
A54: 3 | B54: 合金S | C54: 合金S腕甲 | D54: pl004 | E54: 1 | F54: 0 | G54: 0 | H54: 0 | I54: 水属性攻击强化 | J54: 1 | K54: 看破 | L54: 2 | N54: 0 | P54: 0 | R54: 0 | S54: 0 | T54: 0
A55: 4 | B55: 合金S | C55: 合金S腰甲 | D55: pl004 | E55: 2 | F55: 0 | G55: 0 | H55: 0 | I55: 水属性攻击强化 | J55: 2 | K55: 看破 | L55: 1 | N55: 0 | P55: 0 | R55: 0 | S55: 0 | T55: 0
A56: 5 | B56: 合金S | C56: 合金S护腿 | D56: pl004 | E56: 0 | F56: 1 | G56: 0 | H56: 0 | I56: 砥石使用高速化 | J56: 1 | K56: 看破 | L56: 1 | N56: 0 | P56: 0 | R56: 0 | S56: 0 | T56: 0
A57: 1 | B57: 铸铁 | C57: 铸铁头盔 | D57: pl031 | E57: 0 | F57: 0 | G57: 0 | H57: 0 | I57: 风压耐性 | J57: 1 | L57: 0 | N57: 0 | P57: 0 | R57: 0 | S57: 0 | T57: 0
A58: 2 | B58: 铸铁 | C58: 铸铁铠甲 | D58: pl031 | E58: 0 | F58: 0 | G58: 0 | H58: 0 | I58: 风压耐性 | J58: 1 | L58: 0 | N58: 0 | P58: 0 | R58: 0 | S58: 0 | T58: 0
A59: 3 | B59: 铸铁 | C59: 铸铁腕甲 | D59: pl031 | E59: 0 | F59: 0 | G59: 0 | H59: 0 | I59: 雷属性攻击强化 | J59: 2 | L59: 0 | N59: 0 | P59: 0 | R59: 0 | S59: 0 | T59: 0
A60: 4 | B60: 铸铁 | C60: 铸铁腰甲 | D60: pl031 | E60: 0 | F60: 0 | G60: 0 | H60: 0 | I60: 强化持续 | J60: 1 | L60: 0 | N60: 0 | P60: 0 | R60: 0 | S60: 0 | T60: 0
A61: 5 | B61: 铸铁 | C61: 铸铁护腿 | D61: pl031 | E61: 0 | F61: 0 | G61: 0 | H61: 0 | I61: 攻击 | J61: 1 | K61: 看破 | L61: 1 | N61: 0 | P61: 0 | R61: 0 | S61: 0 | T61: 0
A62: 1 | B62: 铸铁S | C62: 铸铁S头盔 | D62: pl031 | E62: 1 | F62: 0 | G62: 1 | H62: 0 | I62: 风压耐性 | J62: 1 | L62: 0 | N62: 0 | P62: 0 | R62: 0 | S62: 0 | T62: 0
A63: 2 | B63: 铸铁S | C63: 铸铁S铠甲 | D63: pl031 | E63: 1 | F63: 1 | G63: 0 | H63: 0 | I63: 风压耐性 | J63: 2 | L63: 0 | N63: 0 | P63: 0 | R63: 0 | S63: 0 | T63: 0
A64: 3 | B64: 铸铁S | C64: 铸铁S腕甲 | D64: pl031 | E64: 1 | F64: 0 | G64: 0 | H64: 0 | I64: 雷属性攻击强化 | J64: 3 | L64: 0 | N64: 0 | P64: 0 | R64: 0 | S64: 0 | T64: 0
A65: 4 | B65: 铸铁S | C65: 铸铁S腰甲 | D65: pl031 | E65: 0 | F65: 1 | G65: 0 | H65: 0 | I65: 强化持续 | J65: 2 | L65: 0 | N65: 0 | P65: 0 | R65: 0 | S65: 0 | T65: 0
A66: 5 | B66: 铸铁S | C66: 铸铁S护腿 | D66: pl031 | E66: 1 | F66: 0 | G66: 0 | H66: 0 | I66: 攻击 | J66: 2 | K66: 看破 | L66: 2 | N66: 0 | P66: 0 | R66: 0 | S66: 0 | T66: 0
A67: 1 | B67: 花纹钢 | C67: 花纹钢头盔 | D67: pl043 | E67: 0 | F67: 0 | G67: 0 | H67: 0 | I67: 耐震 | J67: 2 | K67: 耳塞 | L67: 2 | N67: 0 | P67: 0 | R67: 0 | S67: 0 | T67: 0
A68: 2 | B68: 花纹钢 | C68: 花纹钢铠甲 | D68: pl043 | E68: 2 | F68: 0 | G68: 0 | H68: 0 | I68: 耐震 | J68: 1 | K68: 匠 | L68: 1 | N68: 0 | P68: 0 | R68: 0 | S68: 0 | T68: 0
A69: 3 | B69: 花纹钢 | C69: 花纹钢腕甲 | D69: pl043 | E69: 1 | F69: 1 | G69: 0 | H69: 0 | I69: 耳塞 | J69: 1 | L69: 0 | N69: 0 | P69: 0 | R69: 0 | S69: 0 | T69: 0
A70: 4 | B70: 花纹钢 | C70: 花纹钢腰甲 | D70: pl043 | E70: 1 | F70: 0 | G70: 0 | H70: 0 | I70: 耳塞 | J70: 1 | K70: 匠 | L70: 1 | N70: 0 | P70: 0 | R70: 0 | S70: 0 | T70: 0
A71: 5 | B71: 花纹钢 | C71: 花纹钢护腿 | D71: pl043 | E71: 1 | F71: 0 | G71: 0 | H71: 0 | I71: 匠 | J71: 2 | L71: 0 | N71: 0 | P71: 0 | R71: 0 | S71: 0 | T71: 0
A72: 1 | B72: 花瓣 | C72: 花瓣绽放 | D72: pl238 | E72: 0 | F72: 0 | G72: 0 | H72: 0 | I72: 麻痹耐性 | J72: 1 | L72: 0 | N72: 0 | P72: 0 | R72: 0 | S72: 0 | T72: 0
A73: 2 | B73: 花瓣 | C73: 花瓣枝干 | D73: pl238 | E73: 0 | F73: 0 | G73: 0 | H73: 0 | I73: 植生学 | J73: 1 | K73: 体力回复量提升 | L73: 1 | N73: 0 | P73: 0 | R73: 0 | S73: 0 | T73: 0
A74: 3 | B74: 花瓣 | C74: 花瓣枝叶 | D74: pl238 | E74: 0 | F74: 0 | G74: 0 | H74: 0 | I74: 麻痹耐性 | J74: 1 | K74: 体力回复量提升 | L74: 1 | N74: 0 | P74: 0 | R74: 0 | S74: 0 | T74: 0
A75: 4 | B75: 花瓣 | C75: 花瓣叶片 | D75: pl238 | E75: 0 | F75: 0 | G75: 0 | H75: 0 | I75: 植生学 | J75: 1 | K75: 回复速度 | L75: 1 | N75: 0 | P75: 0 | R75: 0 | S75: 0 | T75: 0
A76: 5 | B76: 花瓣 | C76: 花瓣扎根 | D76: pl238 | E76: 0 | F76: 0 | G76: 0 | H76: 0 | I76: 回复速度 | J76: 2 | L76: 0 | N76: 0 | P76: 0 | R76: 0 | S76: 0 | T76: 0
A77: 1 | B77: 花瓣S | C77: 花瓣S绽放 | D77: pl238 | E77: 0 | F77: 2 | G77: 0 | H77: 0 | I77: 麻痹耐性 | J77: 2 | L77: 0 | N77: 0 | P77: 0 | R77: 0 | S77: 0 | T77: 0
A78: 2 | B78: 花瓣S | C78: 花瓣S枝干 | D78: pl238 | E78: 2 | F78: 0 | G78: 0 | H78: 0 | I78: 植生学 | J78: 2 | K78: 体力回复量提升 | L78: 1 | N78: 0 | P78: 0 | R78: 0 | S78: 0 | T78: 0
A79: 3 | B79: 花瓣S | C79: 花瓣S枝叶 | D79: pl238 | E79: 2 | F79: 0 | G79: 0 | H79: 0 | I79: 麻痹耐性 | J79: 1 | K79: 植生学 | L79: 1 | M79: 体力回复量提升 | N79: 1 | P79: 0 | R79: 0 | S79: 0 | T79: 0
A80: 4 | B80: 花瓣S | C80: 花瓣S叶片 | D80: pl238 | E80: 0 | F80: 1 | G80: 0 | H80: 0 | I80: 植生学 | J80: 1 | K80: 回复速度 | L80: 1 | N80: 0 | P80: 0 | R80: 0 | S80: 0 | T80: 0
A81: 5 | B81: 花瓣S | C81: 花瓣S扎根 | D81: pl238 | E81: 2 | F81: 0 | G81: 0 | H81: 0 | I81: 体力回复量提升 | J81: 1 | K81: 回复速度 | L81: 2 | N81: 0 | P81: 0 | R81: 0 | S81: 0 | T81: 0
A82: 1 | B82: 鱼鳞 | C82: 鱼鳞兜帽 | D82: pl239 | E82: 0 | F82: 0 | G82: 0 | H82: 0 | I82: 睡眠耐性 | J82: 1 | L82: 0 | N82: 0 | P82: 0 | R82: 0 | S82: 0 | T82: 0
A83: 2 | B83: 鱼鳞 | C83: 鱼鳞洋装 | D83: pl239 | E83: 0 | F83: 0 | G83: 0 | H83: 0 | I83: 水属性攻击强化 | J83: 2 | L83: 0 | N83: 0 | P83: 0 | R83: 0 | S83: 0 | T83: 0
A84: 3 | B84: 鱼鳞 | C84: 鱼鳞袖 | D84: pl239 | E84: 0 | F84: 0 | G84: 0 | H84: 0 | I84: 飞身跃入 | J84: 1 | L84: 0 | N84: 0 | P84: 0 | R84: 0 | S84: 0 | T84: 0
A85: 4 | B85: 鱼鳞 | C85: 鱼鳞腰甲 | D85: pl239 | E85: 0 | F85: 0 | G85: 0 | H85: 0 | I85: 睡眠耐性 | J85: 1 | L85: 0 | N85: 0 | P85: 0 | R85: 0 | S85: 0 | T85: 0
A86: 5 | B86: 鱼鳞 | C86: 鱼鳞长裤 | D86: pl239 | E86: 0 | F86: 0 | G86: 0 | H86: 0 | I86: 快吃 | J86: 1 | L86: 0 | N86: 0 | P86: 0 | R86: 0 | S86: 0 | T86: 0
A87: 1 | B87: 鱼鳞S | C87: 鱼鳞S兜帽 | D87: pl239 | E87: 0 | F87: 2 | G87: 0 | H87: 0 | I87: 睡眠耐性 | J87: 2 | L87: 0 | N87: 0 | P87: 0 | R87: 0 | S87: 0 | T87: 0
A88: 2 | B88: 鱼鳞S | C88: 鱼鳞S洋装 | D88: pl239 | E88: 1 | F88: 0 | G88: 0 | H88: 0 | I88: 水属性攻击强化 | J88: 3 | L88: 0 | N88: 0 | P88: 0 | R88: 0 | S88: 0 | T88: 0
A89: 3 | B89: 鱼鳞S | C89: 鱼鳞S袖 | D89: pl239 | E89: 0 | F89: 1 | G89: 0 | H89: 0 | I89: 泡沫之舞 | J89: 1 | K89: 飞身跃入 | L89: 1 | N89: 0 | P89: 0 | R89: 0 | S89: 0 | T89: 0
A90: 4 | B90: 鱼鳞S | C90: 鱼鳞S腰甲 | D90: pl239 | E90: 0 | F90: 0 | G90: 1 | H90: 0 | I90: 睡眠耐性 | J90: 1 | L90: 0 | N90: 0 | P90: 0 | R90: 0 | S90: 0 | T90: 0
A91: 5 | B91: 鱼鳞S | C91: 鱼鳞S长裤 | D91: pl239 | E91: 2 | F91: 0 | G91: 0 | H91: 0 | I91: 泡沫之舞 | J91: 1 | K91: 快吃 | L91: 1 | N91: 0 | P91: 0 | R91: 0 | S91: 0 | T91: 0
A92: 1 | B92: 死神 | C92: 死神首脑 | D92: pl026 | E92: 0 | F92: 0 | G92: 0 | H92: 0 | I92: 龙耐性 | J92: 2 | L92: 0 | N92: 0 | P92: 0 | R92: 0 | S92: 0 | T92: 0
A93: 2 | B93: 死神 | C93: 死神肌肉 | D93: pl026 | E93: 0 | F93: 0 | G93: 0 | H93: 0 | I93: 高速变形 | J93: 1 | L93: 0 | N93: 0 | P93: 0 | R93: 0 | S93: 0 | T93: 0
A94: 3 | B94: 死神 | C94: 死神双手 | D94: pl026 | E94: 0 | F94: 0 | G94: 0 | H94: 0 | I94: 精神抖擞 | J94: 1 | L94: 0 | N94: 0 | P94: 0 | R94: 0 | S94: 0 | T94: 0
A95: 4 | B95: 死神 | C95: 死神脐带 | D95: pl026 | E95: 0 | F95: 0 | G95: 0 | H95: 0 | I95: 龙耐性 | J95: 1 | L95: 0 | N95: 0 | P95: 0 | R95: 0 | S95: 0 | T95: 0
A96: 5 | B96: 死神 | C96: 死神脚跟 | D96: pl026 | E96: 0 | F96: 0 | G96: 0 | H96: 0 | I96: 高速变形 | J96: 1 | L96: 0 | N96: 0 | P96: 0 | R96: 0 | S96: 0 | T96: 0
A97: 1 | B97: 死神S | C97: 死神S首脑 | D97: pl026 | E97: 0 | F97: 1 | G97: 0 | H97: 0 | I97: 刚刃打磨 | J97: 1 | L97: 0 | N97: 0 | P97: 0 | R97: 0 | S97: 0 | T97: 0
A98: 2 | B98: 死神S | C98: 死神S肌肉 | D98: pl026 | E98: 0 | F98: 1 | G98: 0 | H98: 0 | I98: 不屈 | J98: 1 | K98: 高速变形 | L98: 1 | N98: 0 | P98: 0 | R98: 0 | S98: 0 | T98: 0
A99: 3 | B99: 死神S | C99: 死神S双手 | D99: pl026 | E99: 1 | F99: 0 | G99: 0 | H99: 0 | I99: 精神抖擞 | J99: 2 | L99: 0 | N99: 0 | P99: 0 | R99: 0 | S99: 0 | T99: 0
A100: 4 | B100: 死神S | C100: 死神S脐带 | D100: pl026 | E100: 2 | F100: 0 | G100: 0 | H100: 0 | I100: 刚刃打磨 | J100: 1 | K100: 精神抖擞 | L100: 1 | N100: 0 | P100: 0 | R100: 0 | S100: 0 | T100: 0
...

Sheet 看我
A1: 关于M位技能，请参考 | B1: https://ngabbs.com/read.php?tid=32376852&_ff=489&page=e#pid619245540Anchor
A2: 关于4级孔，请参考 | B2: https://ngabbs.com/read.php?tid=32373952
A5: Lv1SlotNum | B5: Lv2SlotNum | C5: Lv3SlotNum | D5: Lv4SlotNum
A6: 这个是一级孔的“数量” | B6: 这个是二级孔的“数量” | C6: 这个是三级孔的“数量” | D6: 这个四级孔的“数量”
A8: 10.0.2对比10.0.1没有变化
A9: 【腾讯文档】dtlnor rise sunbreak乱七八糟数据合集
A10: dtlnor rise sunbreak乱七八糟数据合集

Sheet 最大防御
B1: lookup_Series | C1: lookup_Armor | D1: DefVal | E1: BuildupTable | F1: 最大防御 | G1: parseArmorId | H1: Id | I1: IsValid | J1: Series | K1: SortId | L1: ModelId | M1: Rare | N1: Value | O1: BuyValue | P1: SexualEquipable | Q1: SymbolColor1 | R1: SymbolColor2 | S1: FireRegVal | T1: WaterRegVal | U1: IceRegVal | V1: ThunderRegVal | W1: DragonRegVal | X1: BuffFormula | Y1: Lv1SlotNum | Z1: Lv2SlotNum | AA1: Lv3SlotNum | AB1: SkillList[0] | AC1: SkillList[1] | AD1: SkillList[2] | AE1: SkillList[3] | AF1: SkillList[4] | AG1: SkillLvList[0] | AH1: SkillLvList[1] | AI1: SkillLvList[2] | AJ1: SkillLvList[3] | AK1: SkillLvList[4] | AL1: IdAfterExChange
A2: 1 | B2: =IF(I2=0,"",VLOOKUP(J2,seriesName!A:B,2,TRUE)) -> 炎火装束 | C2: 炎火装束【头巾】 | D2: 1 | E2: 0 | F2: =D2+VLOOKUP(E2,BuildupTable!L:O,4,FALSE) -> 67 | G2: 0 | H2: 0x0C100000 | I2: 1 | J2: 0 | K2: 1001 | L2: 30 | M2: 0 | N2: 100 | O2: 300 | P2: 2 | Q2: 0 | R2: 0 | S2: 1 | T2: 0 | U2: 0 | V2: 0 | W2: 0 | X2: 0 | Y2: 0 | Z2: 0 | AA2: 0 | AB2: 57 | AC2: 0 | AD2: 0 | AE2: 0 | AF2: 0 | AG2: 1 | AH2: 0 | AI2: 0 | AJ2: 0 | AK2: 0 | AL2: 0x00000000
A3: 2 | B3: =IF(I3=0,"",VLOOKUP(J3,seriesName!A:B,2,TRUE)) -> 炎火装束 | C3: 炎火装束【上衣】 | D3: 1 | E3: 0 | F3: =D3+VLOOKUP(E3,BuildupTable!L:O,4,FALSE) -> 67 | G3: 0 | H3: 0x0C200000 | I3: 1 | J3: 0 | K3: 1001 | L3: 30 | M3: 0 | N3: 100 | O3: 300 | P3: 2 | Q3: 0 | R3: 0 | S3: 1 | T3: 0 | U3: 0 | V3: 0 | W3: 0 | X3: 0 | Y3: 0 | Z3: 0 | AA3: 0 | AB3: 104 | AC3: 0 | AD3: 0 | AE3: 0 | AF3: 0 | AG3: 1 | AH3: 0 | AI3: 0 | AJ3: 0 | AK3: 0 | AL3: 0x00000000
A4: 3 | B4: =IF(I4=0,"",VLOOKUP(J4,seriesName!A:B,2,TRUE)) -> 炎火装束 | C4: 炎火装束【手甲】 | D4: 1 | E4: 0 | F4: =D4+VLOOKUP(E4,BuildupTable!L:O,4,FALSE) -> 67 | G4: 0 | H4: 0x0C300000 | I4: 1 | J4: 0 | K4: 1001 | L4: 30 | M4: 0 | N4: 100 | O4: 300 | P4: 2 | Q4: 0 | R4: 0 | S4: 1 | T4: 0 | U4: 0 | V4: 0 | W4: 0 | X4: 0 | Y4: 0 | Z4: 0 | AA4: 0 | AB4: 91 | AC4: 0 | AD4: 0 | AE4: 0 | AF4: 0 | AG4: 1 | AH4: 0 | AI4: 0 | AJ4: 0 | AK4: 0 | AL4: 0x00000000
A5: 4 | B5: =IF(I5=0,"",VLOOKUP(J5,seriesName!A:B,2,TRUE)) -> 炎火装束 | C5: 炎火装束【腰卷】 | D5: 1 | E5: 0 | F5: =D5+VLOOKUP(E5,BuildupTable!L:O,4,FALSE) -> 67 | G5: 0 | H5: 0x0C400000 | I5: 1 | J5: 0 | K5: 1001 | L5: 30 | M5: 0 | N5: 100 | O5: 300 | P5: 2 | Q5: 0 | R5: 0 | S5: 1 | T5: 0 | U5: 0 | V5: 0 | W5: 0 | X5: 0 | Y5: 0 | Z5: 0 | AA5: 0 | AB5: 6 | AC5: 0 | AD5: 0 | AE5: 0 | AF5: 0 | AG5: 1 | AH5: 0 | AI5: 0 | AJ5: 0 | AK5: 0 | AL5: 0x00000000
A6: 5 | B6: =IF(I6=0,"",VLOOKUP(J6,seriesName!A:B,2,TRUE)) -> 炎火装束 | C6: 炎火装束【绑腿】 | D6: 1 | E6: 0 | F6: =D6+VLOOKUP(E6,BuildupTable!L:O,4,FALSE) -> 67 | G6: 0 | H6: 0x0C500000 | I6: 1 | J6: 0 | K6: 1001 | L6: 30 | M6: 0 | N6: 100 | O6: 300 | P6: 2 | Q6: 0 | R6: 0 | S6: 1 | T6: 0 | U6: 0 | V6: 0 | W6: 0 | X6: 0 | Y6: 0 | Z6: 0 | AA6: 0 | AB6: 105 | AC6: 0 | AD6: 0 | AE6: 0 | AF6: 0 | AG6: 1 | AH6: 0 | AI6: 0 | AJ6: 0 | AK6: 0 | AL6: 0x00000000
A7: 1 | B7: =IF(I7=0,"",VLOOKUP(J7,seriesName!A:B,2,TRUE)) -> 炎火装束・霸 | C7: 炎火装束【头巾】霸 | D7: 30 | E7: 6 | F7: =D7+VLOOKUP(E7,BuildupTable!L:O,4,FALSE) -> 30 | G7: 1 | H7: 0x0C100001 | I7: 1 | J7: 1 | K7: 8001 | L7: 30 | M7: 3 | N7: 4000 | O7: 12000 | P7: 2 | Q7: 1 | R7: 1 | S7: 2 | T7: 0 | U7: 0 | V7: 0 | W7: 0 | X7: 0 | Y7: 1 | Z7: 0 | AA7: 0 | AB7: 57 | AC7: 5 | AD7: 0 | AE7: 0 | AF7: 0 | AG7: 1 | AH7: 1 | AI7: 0 | AJ7: 0 | AK7: 0 | AL7: 0x00000000
A8: 2 | B8: =IF(I8=0,"",VLOOKUP(J8,seriesName!A:B,2,TRUE)) -> 炎火装束・霸 | C8: 炎火装束【上衣】霸 | D8: 30 | E8: 6 | F8: =D8+VLOOKUP(E8,BuildupTable!L:O,4,FALSE) -> 30 | G8: 1 | H8: 0x0C200001 | I8: 1 | J8: 1 | K8: 8001 | L8: 30 | M8: 3 | N8: 4000 | O8: 12000 | P8: 2 | Q8: 1 | R8: 1 | S8: 2 | T8: 0 | U8: 0 | V8: 0 | W8: 0 | X8: 0 | Y8: 1 | Z8: 0 | AA8: 0 | AB8: 104 | AC8: 105 | AD8: 6 | AE8: 0 | AF8: 0 | AG8: 2 | AH8: 1 | AI8: 1 | AJ8: 0 | AK8: 0 | AL8: 0x00000000
A9: 3 | B9: =IF(I9=0,"",VLOOKUP(J9,seriesName!A:B,2,TRUE)) -> 炎火装束・霸 | C9: 炎火装束【手甲】霸 | D9: 30 | E9: 6 | F9: =D9+VLOOKUP(E9,BuildupTable!L:O,4,FALSE) -> 30 | G9: 1 | H9: 0x0C300001 | I9: 1 | J9: 1 | K9: 8001 | L9: 30 | M9: 3 | N9: 4000 | O9: 12000 | P9: 2 | Q9: 1 | R9: 1 | S9: 2 | T9: 0 | U9: 0 | V9: 0 | W9: 0 | X9: 0 | Y9: 0 | Z9: 1 | AA9: 0 | AB9: 6 | AC9: 91 | AD9: 0 | AE9: 0 | AF9: 0 | AG9: 2 | AH9: 1 | AI9: 0 | AJ9: 0 | AK9: 0 | AL9: 0x00000000
A10: 4 | B10: =IF(I10=0,"",VLOOKUP(J10,seriesName!A:B,2,TRUE)) -> 炎火装束・霸 | C10: 炎火装束【腰卷】霸 | D10: 30 | E10: 6 | F10: =D10+VLOOKUP(E10,BuildupTable!L:O,4,FALSE) -> 30 | G10: 1 | H10: 0x0C400001 | I10: 1 | J10: 1 | K10: 8001 | L10: 30 | M10: 3 | N10: 4000 | O10: 12000 | P10: 2 | Q10: 1 | R10: 1 | S10: 2 | T10: 0 | U10: 0 | V10: 0 | W10: 0 | X10: 0 | Y10: 2 | Z10: 0 | AA10: 0 | AB10: 104 | AC10: 6 | AD10: 0 | AE10: 0 | AF10: 0 | AG10: 1 | AH10: 1 | AI10: 0 | AJ10: 0 | AK10: 0 | AL10: 0x00000000
A11: 5 | B11: =IF(I11=0,"",VLOOKUP(J11,seriesName!A:B,2,TRUE)) -> 炎火装束・霸 | C11: 炎火装束【绑腿】霸 | D11: 30 | E11: 6 | F11: =D11+VLOOKUP(E11,BuildupTable!L:O,4,FALSE) -> 30 | G11: 1 | H11: 0x0C500001 | I11: 1 | J11: 1 | K11: 8001 | L11: 30 | M11: 3 | N11: 4000 | O11: 12000 | P11: 2 | Q11: 1 | R11: 1 | S11: 2 | T11: 0 | U11: 0 | V11: 0 | W11: 0 | X11: 0 | Y11: 1 | Z11: 0 | AA11: 0 | AB11: 105 | AC11: 5 | AD11: 0 | AE11: 0 | AF11: 0 | AG11: 2 | AH11: 1 | AI11: 0 | AJ11: 0 | AK11: 0 | AL11: 0x00000000
A12: 1 | B12: =IF(I12=0,"",VLOOKUP(J12,seriesName!A:B,2,TRUE)) -> 皮制 | C12: 皮制头饰 | D12: 1 | E12: 0 | F12: =D12+VLOOKUP(E12,BuildupTable!L:O,4,FALSE) -> 67 | G12: 2 | H12: 0x0C100002 | I12: 1 | J12: 2 | K12: 1002 | L12: 0 | M12: 0 | N12: 100 | O12: 300 | P12: 2 | Q12: 0 | R12: 0 | S12: 0 | T12: 0 | U12: 0 | V12: 0 | W12: 0 | X12: 0 | Y12: 0 | Z12: 0 | AA12: 0 | AB12: 96 | AC12: 0 | AD12: 0 | AE12: 0 | AF12: 0 | AG12: 1 | AH12: 0 | AI12: 0 | AJ12: 0 | AK12: 0 | AL12: 0x00000000
A13: 2 | B13: =IF(I13=0,"",VLOOKUP(J13,seriesName!A:B,2,TRUE)) -> 皮制 | C13: 皮制服饰 | D13: 1 | E13: 0 | F13: =D13+VLOOKUP(E13,BuildupTable!L:O,4,FALSE) -> 67 | G13: 2 | H13: 0x0C200002 | I13: 1 | J13: 2 | K13: 1002 | L13: 0 | M13: 0 | N13: 100 | O13: 300 | P13: 2 | Q13: 0 | R13: 0 | S13: 0 | T13: 0 | U13: 0 | V13: 0 | W13: 0 | X13: 0 | Y13: 0 | Z13: 0 | AA13: 0 | AB13: 79 | AC13: 0 | AD13: 0 | AE13: 0 | AF13: 0 | AG13: 1 | AH13: 0 | AI13: 0 | AJ13: 0 | AK13: 0 | AL13: 0x00000000
... A153: 2 | B153: =IF(I153=0,"",VLOOKUP(J153,seriesName!A:B,2,TRUE)) -> 混沌 | C153: 混沌的铠 | D153: 12 | E153: 2 | F153: =D153+VLOOKUP(E153,BuildupTable!L:O,4,FALSE) -> 64 | G153: 30 | H153: 0x0C20001E | I153: 1 | J153: 30 | K153: 3003 | L153: 69 | M153: 1 | N153: 500 | O153: 0 | P153: 2 | Q153: 0 | R153: 0 | S153: 2 | T153: -2 | U153: 0 | V153: 0 | W153: 0 | X153: 0 | Y153: 0 | Z153: 0 | AA153: 0 | AB153: 0 | AC153: 0 | AD153: 0 | AE153: 0 | AF153: 0 | AG153: 0 | AH153: 0 | AI153: 0 | AJ153: 0 | AK153: 0 | AL153: 0x00000000
A154: 3 | B154: =IF(I154=0,"",VLOOKUP(J154,seriesName!A:B,2,TRUE)) | C154: 0 | D154: 12 | E154: 2 | F154: =D154+VLOOKUP(E154,BuildupTable!L:O,4,FALSE) -> 64 | G154: 30 | H154: 0x0C30001E | I154: 0 | J154: 30 | K154: 3003 | L154: 69 | M154: 1 | N154: 500 | O154: 0 | P154: 2 | Q154: 0 | R154: 0 | S154: 2 | T154: -2 | U154: 0 | V154: 0 | W154: 0 | X154: 0 | Y154: 0 | Z154: 0 | AA154: 0 | AB154: 0 | AC154: 0 | AD154: 0 | AE154: 0 | AF154: 0 | AG154: 0 | AH154: 0 | AI154: 0 | AJ154: 0 | AK154: 0 | AL154: 0x00000000
A155: 4 | B155: =IF(I155=0,"",VLOOKUP(J155,seriesName!A:B,2,TRUE)) | C155: 0 | D155: 12 | E155: 2 | F155: =D155+VLOOKUP(E155,BuildupTable!L:O,4,FALSE) -> 64 | G155: 30 | H155: 0x0C40001E | I155: 0 | J155: 30 | K155: 3003 | L155: 69 | M155: 1 | N155: 500 | O155: 0 | P155: 2 | Q155: 0 | R155: 0 | S155: 2 | T155: -2 | U155: 0 | V155: 0 | W155: 0 | X155: 0 | Y155: 0 | Z155: 0 | AA155: 0 | AB155: 0 | AC155: 0 | AD155: 0 | AE155: 0 | AF155: 0 | AG155: 0 | AH155: 0 | AI155: 0 | AJ155: 0 | AK155: 0 | AL155: 0x00000000
A156: 5 | B156: =IF(I156=0,"",VLOOKUP(J156,seriesName!A:B,2,TRUE)) | C156: 0 | D156: 12 | E156: 2 | F156: =D156+VLOOKUP(E156,BuildupTable!L:O,4,FALSE) -> 64 | G156: 30 | H156: 0x0C50001E | I156: 0 | J156: 30 | K156: 3003 | L156: 69 | M156: 1 | N156: 500 | O156: 0 | P156: 2 | Q156: 0 | R156: 0 | S156: 2 | T156: -2 | U156: 0 | V156: 0 | W156: 0 | X156: 0 | Y156: 0 | Z156: 0 | AA156: 0 | AB156: 0 | AC156: 0 | AD156: 0 | AE156: 0 | AF156: 0 | AG156: 0 | AH156: 0 | AI156: 0 | AJ156: 0 | AK156: 0 | AL156: 0x00000000
A157: 1 | B157: =IF(I157=0,"",VLOOKUP(J157,seriesName!A:B,2,TRUE)) -> 混沌・霸 | C157: 混沌的包发・霸 | D157: 40 | E157: 7 | F157: =D157+VLOOKUP(E157,BuildupTable!L:O,4,FALSE) -> 46 | G157: 31 | H157: 0x0C10001F | I157: 1 | J157: 31 | K157: 9002 | L157: 69 | M157: 3 | N157: 4000 | O157: 0 | P157: 2 | Q157: 1 | R157: 1 | S157: 2 | T157: -2 | U157: 0 | V157: 0 | W157: 0 | X157: 0 | Y157: 2 | Z157: 0 | AA157: 0 | AB157: 87 | AC157: 0 | AD157: 0 | AE157: 0 | AF157: 0 | AG157: 1 | AH157: 0 | AI157: 0 | AJ157: 0 | AK157: 0 | AL157: 0x00000000
A158: 2 | B158: =IF(I158=0,"",VLOOKUP(J158,seriesName!A:B,2,TRUE)) -> 混沌・霸 | C158: 混沌的铠・霸 | D158: 40 | E158: 7 | F158: =D158+VLOOKUP(E158,BuildupTable!L:O,4,FALSE) -> 46 | G158: 31 | H158: 0x0C20001F | I158: 1 | J158: 31 | K158: 9002 | L158: 69 | M158: 3 | N158: 4000 | O158: 0 | P158: 2 | Q158: 1 | R158: 1 | S158: 2 | T158: -2 | U158: 0 | V158: 0 | W158: 0 | X158: 0 | Y158: 0 | Z158: 0 | AA158: 0 | AB158: 87 | AC158: 0 | AD158: 0 | AE158: 0 | AF158: 0 | AG158: 2 | AH158: 0 | AI158: 0 | AJ158: 0 | AK158: 0 | AL158: 0x00000000
A159: 3 | B159: =IF(I159=0,"",VLOOKUP(J159,seriesName!A:B,2,TRUE)) | C159: 0 | D159: 40 | E159: 7 | F159: =D159+VLOOKUP(E159,BuildupTable!L:O,4,FALSE) -> 46 | G159: 31 | H159: 0x0C30001F | I159: 0 | J159: 31 | K159: 9002 | L159: 69 | M159: 3 | N159: 4000 | O159: 0 | P159: 2 | Q159: 1 | R159: 1 | S159: 2 | T159: -2 | U159: 0 | V159: 0 | W159: 0 | X159: 0 | Y159: 0 | Z159: 0 | AA159: 0 | AB159: 0 | AC159: 0 | AD159: 0 | AE159: 0 | AF159: 0 | AG159: 0 | AH159: 0 | AI159: 0 | AJ159: 0 | AK159: 0 | AL159: 0x00000000
A160: 4 | B160: =IF(I160=0,"",VLOOKUP(J160,seriesName!A:B,2,TRUE)) | C160: 0 | D160: 40 | E160: 7 | F160: =D160+VLOOKUP(E160,BuildupTable!L:O,4,FALSE) -> 46 | G160: 31 | H160: 0x0C40001F | I160: 0 | J160: 31 | K160: 9002 | L160: 69 | M160: 3 | N160: 4000 | O160: 0 | P160: 2 | Q160: 1 | R160: 1 | S160: 2 | T160: -2 | U160: 0 | V160: 0 | W160: 0 | X160: 0 | Y160: 0 | Z160: 0 | AA160: 0 | AB160: 0 | AC160: 0 | AD160: 0 | AE160: 0 | AF160: 0 | AG160: 0 | AH160: 0 | AI160: 0 | AJ160: 0 | AK160: 0 | AL160: 0x00000000
A161: 5 | B161: =IF(I161=0,"",VLOOKUP(J161,seriesName!A:B,2,TRUE)) | C161: 0 | D161: 40 | E161: 7 | F161: =D161+VLOOKUP(E161,BuildupTable!L:O,4,FALSE) -> 46 | G161: 31 | H161: 0x0C50001F | I161: 0 | J161: 31 | K161: 9002 | L161: 69 | M161: 3 | N161: 4000 | O161: 0 | P161: 2 | Q161: 1 | R161: 1 | S161: 2 | T161: -2 | U161: 0 | V161: 0 | W161: 0 | X161: 0 | Y161: 0 | Z161: 0 | AA161: 0 | AB161: 0 | AC161: 0 | AD161: 0 | AE161: 0 | AF161: 0 | AG161: 0 | AH161: 0 | AI161: 0 | AJ161: 0 | AK161: 0 | AL161: 0x00000000
A162: 1 | B162: =IF(I162=0,"",VLOOKUP(J162,seriesName!A:B,2,TRUE)) -> 雪绒花 | C162: 雪绒花绽放 | D162: 12 | E162: 2 | F162: =D162+VLOOKUP(E162,BuildupTable!L:O,4,FALSE) -> 64 | G162: 32 | H162: 0x0C100020 | I162: 1 | J162: 32 | K162: 3004 | L162: 70 | M162: 1 | N162: 500 | O162: 0 | P162: 2 | Q162: 0 | R162: 0 | S162: -1 | T162: 3 | U162: 0 | V162: -1 | W162: 0 | X162: 0 | Y162: 0 | Z162: 0 | AA162: 0 | AB162: 73 | AC162: 0 | AD162: 0 | AE162: 0 | AF162: 0 | AG162: 1 | AH162: 0 | AI162: 0 | AJ162: 0 | AK162: 0 | AL162: 0x00000000
A163: 2 | B163: =IF(I163=0,"",VLOOKUP(J163,seriesName!A:B,2,TRUE)) -> 雪绒花 | C163: 雪绒花枝干 | D163: 12 | E163: 2 | F163: =D163+VLOOKUP(E163,BuildupTable!L:O,4,FALSE) -> 64 | G163: 32 | H163: 0x0C200020 | I163: 1 | J163: 32 | K163: 3004 | L163: 70 | M163: 1 | N163: 500 | O163: 0 | P163: 2 | Q163: 0 | R163: 0 | S163: -1 | T163: 3 | U163: 0 | V163: -1 | W163: 0 | X163: 0 | Y163: 0 | Z163: 0 | AA163: 0 | AB163: 58 | AC163: 0 | AD163: 0 | AE163: 0 | AF163: 0 | AG163: 1 | AH163: 0 | AI163: 0 | AJ163: 0 | AK163: 0 | AL163: 0x00000000
A164: 3 | B164: =IF(I164=0,"",VLOOKUP(J164,seriesName!A:B,2,TRUE)) -> 雪绒花 | C164: 雪绒花枝叶 | D164: 12 | E164: 2 | F164: =D164+VLOOKUP(E164,BuildupTable!L:O,4,FALSE) -> 64 | G164: 32 | H164: 0x0C300020 | I164: 1 | J164: 32 | K164: 3004 | L164: 70 | M164: 1 | N164: 500 | O164: 0 | P164: 2 | Q164: 0 | R164: 0 | S164: -1 | T164: 3 | U164: 0 | V164: -1 | W164: 0 | X164: 0 | Y164: 0 | Z164: 0 | AA164: 0 | AB164: 73 | AC164: 0 | AD164: 0 | AE164: 0 | AF164: 0 | AG164: 1 | AH164: 0 | AI164: 0 | AJ164: 0 | AK164: 0 | AL164: 0x00000000
A165: 4 | B165: =IF(I165=0,"",VLOOKUP(J165,seriesName!A:B,2,TRUE)) -> 雪绒花 | C165: 雪绒花叶片 | D165: 12 | E165: 2 | F165: =D165+VLOOKUP(E165,BuildupTable!L:O,4,FALSE) -> 64 | G165: 32 | H165: 0x0C400020 | I165: 1 | J165: 32 | K165: 3004 | L165: 70 | M165: 1 | N165: 500 | O165: 0 | P165: 2 | Q165: 0 | R165: 0 | S165: -1 | T165: 3 | U165: 0 | V165: -1 | W165: 0 | X165: 0 | Y165: 0 | Z165: 0 | AA165: 0 | AB165: 70 | AC165: 0 | AD165: 0 | AE165: 0 | AF165: 0 | AG165: 1 | AH165: 0 | AI165: 0 | AJ165: 0 | AK165: 0 | AL165: 0x00000000
A166: 5 | B166: =IF(I166=0,"",VLOOKUP(J166,seriesName!A:B,2,TRUE)) -> 雪绒花 | C166: 雪绒花扎根 | D166: 12 | E166: 2 | F166: =D166+VLOOKUP(E166,BuildupTable!L:O,4,FALSE) -> 64 | G166: 32 | H166: 0x0C500020 | I166: 1 | J166: 32 | K166: 3004 | L166: 70 | M166: 1 | N166: 500 | O166: 0 | P166: 2 | Q166: 0 | R166: 0 | S166: -1 | T166: 3 | U166: 0 | V166: -1 | W166: 0 | X166: 0 | Y166: 0 | Z166: 0 | AA166: 0 | AB166: 70 | AC166: 0 | AD166: 0 | AE166: 0 | AF166: 0 | AG166: 1 | AH166: 0 | AI166: 0 | AJ166: 0 | AK166: 0 | AL166: 0x00000000
A167: 1 | B167: =IF(I167=0,"",VLOOKUP(J167,seriesName!A:B,2,TRUE)) -> 雪绒花S | C167: 雪绒花S绽放 | D167: 40 | E167: 7 | F167: =D167+VLOOKUP(E167,BuildupTable!L:O,4,FALSE) -> 46 | G167: 33 | H167: 0x0C100021 | I167: 1 | J167: 33 | K167: 9003 | L167: 70 | M167: 3 | N167: 4000 | O167: 0 | P167: 2 | Q167: 1 | R167: 1 | S167: -1 | T167: 3 | U167: 0 | V167: -1 | W167: 0 | X167: 0 | Y167: 0 | Z167: 2 | AA167: 0 | AB167: 73 | AC167: 0 | AD167: 0 | AE167: 0 | AF167: 0 | AG167: 2 | AH167: 0 | AI167: 0 | AJ167: 0 | AK167: 0 | AL167: 0x00000000
A168: 2 | B168: =IF(I168=0,"",VLOOKUP(J168,seriesName!A:B,2,TRUE)) -> 雪绒花S | C168: 雪绒花S枝干 | D168: 40 | E168: 7 | F168: =D168+VLOOKUP(E168,BuildupTable!L:O,4,FALSE) -> 46 | G168: 33 | H168: 0x0C200021 | I168: 1 | J168: 33 | K168: 9003 | L168: 70 | M168: 3 | N168: 4000 | O168: 0 | P168: 2 | Q168: 1 | R168: 1 | S168: -1 | T168: 3 | U168: 0 | V168: -1 | W168: 0 | X168: 0 | Y168: 2 | Z168: 0 | AA168: 0 | AB168: 58 | AC168: 0 | AD168: 0 | AE168: 0 | AF168: 0 | AG168: 2 | AH168: 0 | AI168: 0 | AJ168: 0 | AK168: 0 | AL168: 0x00000000
A169: 3 | B169: =IF(I169=0,"",VLOOKUP(J169,seriesName!A:B,2,TRUE)) -> 雪绒花S | C169: 雪绒花S枝叶 | D169: 40 | E169: 7 | F169: =D169+VLOOKUP(E169,BuildupTable!L:O,4,FALSE) -> 46 | G169: 33 | H169: 0x0C300021 | I169: 1 | J169: 33 | K169: 9003 | L169: 70 | M169: 3 | N169: 4000 | O169: 0 | P169: 2 | Q169: 1 | R169: 1 | S169: -1 | T169: 3 | U169: 0 | V169: -1 | W169: 0 | X169: 0 | Y169: 0 | Z169: 0 | AA169: 0 | AB169: 82 | AC169: 0 | AD169: 0 | AE169: 0 | AF169: 0 | AG169: 1 | AH169: 0 | AI169: 0 | AJ169: 0 | AK169: 0 | AL169: 0x00000000
A170: 4 | B170: =IF(I170=0,"",VLOOKUP(J170,seriesName!A:B,2,TRUE)) -> 雪绒花S | C170: 雪绒花S叶片 | D170: 40 | E170: 7 | F170: =D170+VLOOKUP(E170,BuildupTable!L:O,4,FALSE) -> 46 | G170: 33 | H170: 0x0C400021 | I170: 1 | J170: 33 | K170: 9003 | L170: 70 | M170: 3 | N170: 4000 | O170: 0 | P170: 2 | Q170: 1 | R170: 1 | S170: -1 | T170: 3 | U170: 0 | V170: -1 | W170: 0 | X170: 0 | Y170: 0 | Z170: 1 | AA170: 0 | AB170: 58 | AC170: 0 | AD170: 0 | AE170: 0 | AF170: 0 | AG170: 1 | AH170: 0 | AI170: 0 | AJ170: 0 | AK170: 0 | AL170: 0x00000000
A171: 5 | B171: =IF(I171=0,"",VLOOKUP(J171,seriesName!A:B,2,TRUE)) -> 雪绒花S | C171: 雪绒花S扎根 | D171: 40 | E171: 7 | F171: =D171+VLOOKUP(E171,BuildupTable!L:O,4,FALSE) -> 46 | G171: 33 | H171: 0x0C500021 | I171: 1 | J171: 33 | K171: 9003 | L171: 70 | M171: 3 | N171: 4000 | O171: 0 | P171: 2 | Q171: 1 | R171: 1 | S171: -1 | T171: 3 | U171: 0 | V171: -1 | W171: 0 | X171: 0 | Y171: 1 | Z171: 0 | AA171: 1 | AB171: 73 | AC171: 0 | AD171: 0 | AE171: 0 | AF171: 0 | AG171: 1 | AH171: 0 | AI171: 0 | AJ171: 0 | AK171: 0 | AL171: 0x00000000
A172: 1 | B172: =IF(I172=0,"",VLOOKUP(J172,seriesName!A:B,2,TRUE)) -> 毒蝎 | C172: 毒蝎护头 | D172: 12 | E172: 2 | F172: =D172+VLOOKUP(E172,BuildupTable!L:O,4,FALSE) -> 64 | G172: 34 | H172: 0x0C100022 | I172: 1 | J172: 34 | K172: 3005 | L172: 71 | M172: 1 | N172: 500 | O172: 0 | P172: 2 | Q172: 0 | R172: 0 | S172: 3 | T172: -1 | U172: -1 | V172: -1 | W172: 3 | X172: 0 | Y172: 0 | Z172: 0 | AA172: 0 | AB172: 18 | AC172: 0 | AD172: 0 | AE172: 0 | AF172: 0 | AG172: 1 | AH172: 0 | AI172: 0 | AJ172: 0 | AK172: 0 | AL172: 0x00000000
A173: 2 | B173: =IF(I173=0,"",VLOOKUP(J173,seriesName!A:B,2,TRUE)) -> 毒蝎 | C173: 毒蝎上身 | D173: 12 | E173: 2 | F173: =D173+VLOOKUP(E173,BuildupTable!L:O,4,FALSE) -> 64 | G173: 34 | H173: 0x0C200022 | I173: 1 | J173: 34 | K173: 3005 | L173: 71 | M173: 1 | N173: 500 | O173: 0 | P173: 2 | Q173: 0 | R173: 0 | S173: 3 | T173: -1 | U173: -1 | V173: -1 | W173: 3 | X173: 0 | Y173: 0 | Z173: 0 | AA173: 0 | AB173: 6 | AC173: 0 | AD173: 0 | AE173: 0 | AF173: 0 | AG173: 1 | AH173: 0 | AI173: 0 | AJ173: 0 | AK173: 0 | AL173: 0x00000000
... A367: 1 | B367: =IF(I367=0,"",VLOOKUP(J367,seriesName!A:B,2,TRUE)) -> 丸鸟伪装 | C367: 丸鸟伪装 | D367: 14 | E367: 3 | F367: =D367+VLOOKUP(E367,BuildupTable!L:O,4,FALSE) -> 64 | G367: 73 | H367: 0x0C100049 | I367: 1 | J367: 71 | K367: 4007 | L367: 43 | M367: 1 | N367: 1000 | O367: 0 | P367: 2 | Q367: 0 | R367: 0 | S367: -3 | T367: -2 | U367: 1 | V367: -2 | W367: 0 | X367: 0 | Y367: 0 | Z367: 0 | AA367: 0 | AB367: 97 | AC367: 0 | AD367: 0 | AE367: 0 | AF367: 0 | AG367: 1 | AH367: 0 | AI367: 0 | AJ367: 0 | AK367: 0 | AL367: 0x00000000
A368: 2 | B368: =IF(I368=0,"",VLOOKUP(J368,seriesName!A:B,2,TRUE)) | C368: 0 | D368: 14 | E368: 3 | F368: =D368+VLOOKUP(E368,BuildupTable!L:O,4,FALSE) -> 64 | G368: 73 | H368: 0x0C200049 | I368: 0 | J368: 71 | K368: 4007 | L368: 43 | M368: 1 | N368: 1000 | O368: 0 | P368: 2 | Q368: 0 | R368: 0 | S368: -3 | T368: -2 | U368: 1 | V368: -2 | W368: 0 | X368: 0 | Y368: 0 | Z368: 0 | AA368: 0 | AB368: 0 | AC368: 0 | AD368: 0 | AE368: 0 | AF368: 0 | AG368: 0 | AH368: 0 | AI368: 0 | AJ368: 0 | AK368: 0 | AL368: 0x00000000
A369: 3 | B369: =IF(I369=0,"",VLOOKUP(J369,seriesName!A:B,2,TRUE)) | C369: 0 | D369: 14 | E369: 3 | F369: =D369+VLOOKUP(E369,BuildupTable!L:O,4,FALSE) -> 64 | G369: 73 | H369: 0x0C300049 | I369: 0 | J369: 71 | K369: 4007 | L369: 43 | M369: 1 | N369: 1000 | O369: 0 | P369: 2 | Q369: 0 | R369: 0 | S369: -3 | T369: -2 | U369: 1 | V369: -2 | W369: 0 | X369: 0 | Y369: 0 | Z369: 0 | AA369: 0 | AB369: 0 | AC369: 0 | AD369: 0 | AE369: 0 | AF369: 0 | AG369: 0 | AH369: 0 | AI369: 0 | AJ369: 0 | AK369: 0 | AL369: 0x00000000
A370: 4 | B370: =IF(I370=0,"",VLOOKUP(J370,seriesName!A:B,2,TRUE)) | C370: 0 | D370: 14 | E370: 3 | F370: =D370+VLOOKUP(E370,BuildupTable!L:O,4,FALSE) -> 64 | G370: 73 | H370: 0x0C400049 | I370: 0 | J370: 71 | K370: 4007 | L370: 43 | M370: 1 | N370: 1000 | O370: 0 | P370: 2 | Q370: 0 | R370: 0 | S370: -3 | T370: -2 | U370: 1 | V370: -2 | W370: 0 | X370: 0 | Y370: 0 | Z370: 0 | AA370: 0 | AB370: 0 | AC370: 0 | AD370: 0 | AE370: 0 | AF370: 0 | AG370: 0 | AH370: 0 | AI370: 0 | AJ370: 0 | AK370: 0 | AL370: 0x00000000
A371: 5 | B371: =IF(I371=0,"",VLOOKUP(J371,seriesName!A:B,2,TRUE)) | C371: 0 | D371: 14 | E371: 3 | F371: =D371+VLOOKUP(E371,BuildupTable!L:O,4,FALSE) -> 64 | G371: 73 | H371: 0x0C500049 | I371: 0 | J371: 71 | K371: 4007 | L371: 43 | M371: 1 | N371: 1000 | O371: 0 | P371: 2 | Q371: 0 | R371: 0 | S371: -3 | T371: -2 | U371: 1 | V371: -2 | W371: 0 | X371: 0 | Y371: 0 | Z371: 0 | AA371: 0 | AB371: 0 | AC371: 0 | AD371: 0 | AE371: 0 | AF371: 0 | AG371: 0 | AH371: 0 | AI371: 0 | AJ371: 0 | AK371: 0 | AL371: 0x00000000
A372: 1 | B372: =IF(I372=0,"",VLOOKUP(J372,seriesName!A:B,2,TRUE)) -> 丸鸟S伪装 | C372: 丸鸟S伪装 | D372: 54 | E372: 11 | F372: =D372+VLOOKUP(E372,BuildupTable!L:O,4,FALSE) -> 74 | G372: 74 | H372: 0x0C10004A | I372: 1 | J372: 72 | K372: 11006 | L372: 43 | M372: 5 | N372: 9000 | O372: 0 | P372: 2 | Q372: 1 | R372: 1 | S372: -3 | T372: -2 | U372: 1 | V372: -2 | W372: 0 | X372: 0 | Y372: 0 | Z372: 0 | AA372: 0 | AB372: 97 | AC372: 84 | AD372: 0 | AE372: 0 | AF372: 0 | AG372: 1 | AH372: 1 | AI372: 0 | AJ372: 0 | AK372: 0 | AL372: 0x00000000
A373: 2 | B373: =IF(I373=0,"",VLOOKUP(J373,seriesName!A:B,2,TRUE)) | C373: 0 | D373: 54 | E373: 11 | F373: =D373+VLOOKUP(E373,BuildupTable!L:O,4,FALSE) -> 74 | G373: 74 | H373: 0x0C20004A | I373: 0 | J373: 72 | K373: 11006 | L373: 43 | M373: 5 | N373: 9000 | O373: 0 | P373: 2 | Q373: 1 | R373: 1 | S373: -3 | T373: -2 | U373: 1 | V373: -2 | W373: 0 | X373: 0 | Y373: 0 | Z373: 0 | AA373: 0 | AB373: 0 | AC373: 0 | AD373: 0 | AE373: 0 | AF373: 0 | AG373: 0 | AH373: 0 | AI373: 0 | AJ373: 0 | AK373: 0 | AL373: 0x00000000
A374: 3 | B374: =IF(I374=0,"",VLOOKUP(J374,seriesName!A:B,2,TRUE)) | C374: 0 | D374: 54 | E374: 11 | F374: =D374+VLOOKUP(E374,BuildupTable!L:O,4,FALSE) -> 74 | G374: 74 | H374: 0x0C30004A | I374: 0 | J374: 72 | K374: 11006 | L374: 43 | M374: 5 | N374: 9000 | O374: 0 | P374: 2 | Q374: 1 | R374: 1 | S374: -3 | T374: -2 | U374: 1 | V374: -2 | W374: 0 | X374: 0 | Y374: 0 | Z374: 0 | AA374: 0 | AB374: 0 | AC374: 0 | AD374: 0 | AE374: 0 | AF374: 0 | AG374: 0 | AH374: 0 | AI374: 0 | AJ374: 0 | AK374: 0 | AL374: 0x00000000
A375: 4 | B375: =IF(I375=0,"",VLOOKUP(J375,seriesName!A:B,2,TRUE)) | C375: 0 | D375: 54 | E375: 11 | F375: =D375+VLOOKUP(E375,BuildupTable!L:O,4,FALSE) -> 74 | G375: 74 | H375: 0x0C40004A | I375: 0 | J375: 72 | K375: 11006 | L375: 43 | M375: 5 | N375: 9000 | O375: 0 | P375: 2 | Q375: 1 | R375: 1 | S375: -3 | T375: -2 | U375: 1 | V375: -2 | W375: 0 | X375: 0 | Y375: 0 | Z375: 0 | AA375: 0 | AB375: 0 | AC375: 0 | AD375: 0 | AE375: 0 | AF375: 0 | AG375: 0 | AH375: 0 | AI375: 0 | AJ375: 0 | AK375: 0 | AL375: 0x00000000
A376: 5 | B376: =IF(I376=0,"",VLOOKUP(J376,seriesName!A:B,2,TRUE)) | C376: 0 | D376: 54 | E376: 11 | F376: =D376+VLOOKUP(E376,BuildupTable!L:O,4,FALSE) -> 74 | G376: 74 | H376: 0x0C50004A | I376: 0 | J376: 72 | K376: 11006 | L376: 43 | M376: 5 | N376: 9000 | O376: 0 | P376: 2 | Q376: 1 | R376: 1 | S376: -3 | T376: -2 | U376: 1 | V376: -2 | W376: 0 | X376: 0 | Y376: 0 | Z376: 0 | AA376: 0 | AB376: 0 | AC376: 0 | AD376: 0 | AE376: 0 | AF376: 0 | AG376: 0 | AH376: 0 | AI376: 0 | AJ376: 0 | AK376: 0 | AL376: 0x00000000
A377: 1 | B377: =IF(I377=0,"",VLOOKUP(J377,seriesName!A:B,2,TRUE)) -> 垂皮龙 | C377: 垂皮龙兜帽 | D377: 14 | E377: 2 | F377: =D377+VLOOKUP(E377,BuildupTable!L:O,4,FALSE) -> 66 | G377: 75 | H377: 0x0C10004B | I377: 1 | J377: 73 | K377: 3008 | L377: 44 | M377: 1 | N377: 500 | O377: 0 | P377: 2 | Q377: 0 | R377: 0 | S377: -2 | T377: 2 | U377: -1 | V377: 0 | W377: 1 | X377: 0 | Y377: 0 | Z377: 0 | AA377: 0 | AB377: 90 | AC377: 0 | AD377: 0 | AE377: 0 | AF377: 0 | AG377: 1 | AH377: 0 | AI377: 0 | AJ377: 0 | AK377: 0 | AL377: 0x00000000
A378: 2 | B378: =IF(I378=0,"",VLOOKUP(J378,seriesName!A:B,2,TRUE)) -> 垂皮龙 | C378: 垂皮龙披风 | D378: 14 | E378: 2 | F378: =D378+VLOOKUP(E378,BuildupTable!L:O,4,FALSE) -> 66 | G378: 75 | H378: 0x0C20004B | I378: 1 | J378: 73 | K378: 3008 | L378: 44 | M378: 1 | N378: 500 | O378: 0 | P378: 2 | Q378: 0 | R378: 0 | S378: -2 | T378: 2 | U378: -1 | V378: 0 | W378: 1 | X378: 0 | Y378: 0 | Z378: 0 | AA378: 0 | AB378: 90 | AC378: 0 | AD378: 0 | AE378: 0 | AF378: 0 | AG378: 1 | AH378: 0 | AI378: 0 | AJ378: 0 | AK378: 0 | AL378: 0x00000000
A379: 3 | B379: =IF(I379=0,"",VLOOKUP(J379,seriesName!A:B,2,TRUE)) | C379: 0 | D379: 14 | E379: 2 | F379: =D379+VLOOKUP(E379,BuildupTable!L:O,4,FALSE) -> 66 | G379: 75 | H379: 0x0C30004B | I379: 0 | J379: 73 | K379: 3008 | L379: 44 | M379: 1 | N379: 500 | O379: 0 | P379: 2 | Q379: 0 | R379: 0 | S379: -2 | T379: 2 | U379: -1 | V379: 0 | W379: 1 | X379: 0 | Y379: 0 | Z379: 0 | AA379: 0 | AB379: 0 | AC379: 0 | AD379: 0 | AE379: 0 | AF379: 0 | AG379: 0 | AH379: 0 | AI379: 0 | AJ379: 0 | AK379: 0 | AL379: 0x00000000
A380: 4 | B380: =IF(I380=0,"",VLOOKUP(J380,seriesName!A:B,2,TRUE)) | C380: 0 | D380: 14 | E380: 2 | F380: =D380+VLOOKUP(E380,BuildupTable!L:O,4,FALSE) -> 66 | G380: 75 | H380: 0x0C40004B | I380: 0 | J380: 73 | K380: 3008 | L380: 44 | M380: 1 | N380: 500 | O380: 0 | P380: 2 | Q380: 0 | R380: 0 | S380: -2 | T380: 2 | U380: -1 | V380: 0 | W380: 1 | X380: 0 | Y380: 0 | Z380: 0 | AA380: 0 | AB380: 0 | AC380: 0 | AD380: 0 | AE380: 0 | AF380: 0 | AG380: 0 | AH380: 0 | AI380: 0 | AJ380: 0 | AK380: 0 | AL380: 0x00000000
A381: 5 | B381: =IF(I381=0,"",VLOOKUP(J381,seriesName!A:B,2,TRUE)) | C381: 0 | D381: 14 | E381: 2 | F381: =D381+VLOOKUP(E381,BuildupTable!L:O,4,FALSE) -> 66 | G381: 75 | H381: 0x0C50004B | I381: 0 | J381: 73 | K381: 3008 | L381: 44 | M381: 1 | N381: 500 | O381: 0 | P381: 2 | Q381: 0 | R381: 0 | S381: -2 | T381: 2 | U381: -1 | V381: 0 | W381: 1 | X381: 0 | Y381: 0 | Z381: 0 | AA381: 0 | AB381: 0 | AC381: 0 | AD381: 0 | AE381: 0 | AF381: 0 | AG381: 0 | AH381: 0 | AI381: 0 | AJ381: 0 | AK381: 0 | AL381: 0x00000000
A382: 1 | B382: =IF(I382=0,"",VLOOKUP(J382,seriesName!A:B,2,TRUE)) -> 垂皮龙S | C382: 垂皮龙S兜帽 | D382: 42 | E382: 7 | F382: =D382+VLOOKUP(E382,BuildupTable!L:O,4,FALSE) -> 48 | G382: 76 | H382: 0x0C10004C | I382: 1 | J382: 74 | K382: 9004 | L382: 44 | M382: 3 | N382: 4000 | O382: 0 | P382: 2 | Q382: 1 | R382: 1 | S382: -2 | T382: 2 | U382: -1 | V382: 0 | W382: 1 | X382: 0 | Y382: 0 | Z382: 0 | AA382: 1 | AB382: 90 | AC382: 98 | AD382: 0 | AE382: 0 | AF382: 0 | AG382: 1 | AH382: 1 | AI382: 0 | AJ382: 0 | AK382: 0 | AL382: 0x00000000
A383: 2 | B383: =IF(I383=0,"",VLOOKUP(J383,seriesName!A:B,2,TRUE)) -> 垂皮龙S | C383: 垂皮龙S披风 | D383: 42 | E383: 7 | F383: =D383+VLOOKUP(E383,BuildupTable!L:O,4,FALSE) -> 48 | G383: 76 | H383: 0x0C20004C | I383: 1 | J383: 74 | K383: 9004 | L383: 44 | M383: 3 | N383: 4000 | O383: 0 | P383: 2 | Q383: 1 | R383: 1 | S383: -2 | T383: 2 | U383: -1 | V383: 0 | W383: 1 | X383: 0 | Y383: 1 | Z383: 1 | AA383: 0 | AB383: 90 | AC383: 0 | AD383: 0 | AE383: 0 | AF383: 0 | AG383: 2 | AH383: 0 | AI383: 0 | AJ383: 0 | AK383: 0 | AL383: 0x00000000
A384: 3 | B384: =IF(I384=0,"",VLOOKUP(J384,seriesName!A:B,2,TRUE)) | C384: 0 | D384: 42 | E384: 7 | F384: =D384+VLOOKUP(E384,BuildupTable!L:O,4,FALSE) -> 48 | G384: 76 | H384: 0x0C30004C | I384: 0 | J384: 74 | K384: 9004 | L384: 44 | M384: 3 | N384: 4000 | O384: 0 | P384: 2 | Q384: 1 | R384: 1 | S384: -2 | T384: 2 | U384: -1 | V384: 0 | W384: 1 | X384: 0 | Y384: 0 | Z384: 0 | AA384: 0 | AB384: 0 | AC384: 0 | AD384: 0 | AE384: 0 | AF384: 0 | AG384: 0 | AH384: 0 | AI384: 0 | AJ384: 0 | AK384: 0 | AL384: 0x00000000
A385: 4 | B385: =IF(I385=0,"",VLOOKUP(J385,seriesName!A:B,2,TRUE)) | C385: 0 | D385: 42 | E385: 7 | F385: =D385+VLOOKUP(E385,BuildupTable!L:O,4,FALSE) -> 48 | G385: 76 | H385: 0x0C40004C | I385: 0 | J385: 74 | K385: 9004 | L385: 44 | M385: 3 | N385: 4000 | O385: 0 | P385: 2 | Q385: 1 | R385: 1 | S385: -2 | T385: 2 | U385: -1 | V385: 0 | W385: 1 | X385: 0 | Y385: 0 | Z385: 0 | AA385: 0 | AB385: 0 | AC385: 0 | AD385: 0 | AE385: 0 | AF385: 0 | AG385: 0 | AH385: 0 | AI385: 0 | AJ385: 0 | AK385: 0 | AL385: 0x00000000
A386: 5 | B386: =IF(I386=0,"",VLOOKUP(J386,seriesName!A:B,2,TRUE)) | C386: 0 | D386: 42 | E386: 7 | F386: =D386+VLOOKUP(E386,BuildupTable!L:O,4,FALSE) -> 48 | G386: 76 | H386: 0x0C50004C | I386: 0 | J386: 74 | K386: 9004 | L386: 44 | M386: 3 | N386: 4000 | O386: 0 | P386: 2 | Q386: 1 | R386: 1 | S386: -2 | T386: 2 | U386: -1 | V386: 0 | W386: 1 | X386: 0 | Y386: 0 | Z386: 0 | AA386: 0 | AB386: 0 | AC386: 0 | AD386: 0 | AE386: 0 | AF386: 0 | AG386: 0 | AH386: 0 | AI386: 0 | AJ386: 0 | AK386: 0 | AL386: 0x00000000
A387: 1 | B387: =IF(I387=0,"",VLOOKUP(J387,seriesName!A:B,2,TRUE)) -> 硬甲龙 | C387: 硬甲龙头盔 | D387: 14 | E387: 2 | F387: =D387+VLOOKUP(E387,BuildupTable!L:O,4,FALSE) -> 66 | G387: 77 | H387: 0x0C10004D | I387: 1 | J387: 75 | K387: 3009 | L387: 45 | M387: 1 | N387: 500 | O387: 0 | P387: 2 | Q387: 0 | R387: 0 | S387: 2 | T387: 0 | U387: -2 | V387: 0 | W387: 0 | X387: 0 | Y387: 0 | Z387: 0 | AA387: 0 | AB387: 49 | AC387: 0 | AD387: 0 | AE387: 0 | AF387: 0 | AG387: 1 | AH387: 0 | AI387: 0 | AJ387: 0 | AK387: 0 | AL387: 0x00000000
A388: 2 | B388: =IF(I388=0,"",VLOOKUP(J388,seriesName!A:B,2,TRUE)) -> 硬甲龙 | C388: 硬甲龙铠甲 | D388: 14 | E388: 2 | F388: =D388+VLOOKUP(E388,BuildupTable!L:O,4,FALSE) -> 66 | G388: 77 | H388: 0x0C20004D | I388: 1 | J388: 75 | K388: 3009 | L388: 45 | M388: 1 | N388: 500 | O388: 0 | P388: 2 | Q388: 0 | R388: 0 | S388: 2 | T388: 0 | U388: -2 | V388: 0 | W388: 0 | X388: 0 | Y388: 0 | Z388: 0 | AA388: 0 | AB388: 45 | AC388: 76 | AD388: 0 | AE388: 0 | AF388: 0 | AG388: 1 | AH388: 1 | AI388: 0 | AJ388: 0 | AK388: 0 | AL388: 0x00000000
A389: 3 | B389: =IF(I389=0,"",VLOOKUP(J389,seriesName!A:B,2,TRUE)) -> 硬甲龙 | C389: 硬甲龙腕甲 | D389: 14 | E389: 2 | F389: =D389+VLOOKUP(E389,BuildupTable!L:O,4,FALSE) -> 66 | G389: 77 | H389: 0x0C30004D | I389: 1 | J389: 75 | K389: 3009 | L389: 45 | M389: 1 | N389: 500 | O389: 0 | P389: 2 | Q389: 0 | R389: 0 | S389: 2 | T389: 0 | U389: -2 | V389: 0 | W389: 0 | X389: 0 | Y389: 0 | Z389: 0 | AA389: 0 | AB389: 45 | AC389: 0 | AD389: 0 | AE389: 0 | AF389: 0 | AG389: 1 | AH389: 0 | AI389: 0 | AJ389: 0 | AK389: 0 | AL389: 0x00000000
A390: 4 | B390: =IF(I390=0,"",VLOOKUP(J390,seriesName!A:B,2,TRUE)) -> 硬甲龙 | C390: 硬甲龙腰甲 | D390: 14 | E390: 2 | F390: =D390+VLOOKUP(E390,BuildupTable!L:O,4,FALSE) -> 66 | G390: 77 | H390: 0x0C40004D | I390: 1 | J390: 75 | K390: 3009 | L390: 45 | M390: 1 | N390: 500 | O390: 0 | P390: 2 | Q390: 0 | R390: 0 | S390: 2 | T390: 0 | U390: -2 | V390: 0 | W390: 0 | X390: 0 | Y390: 0 | Z390: 0 | AA390: 0 | AB390: 63 | AC390: 0 | AD390: 0 | AE390: 0 | AF390: 0 | AG390: 1 | AH390: 0 | AI390: 0 | AJ390: 0 | AK390: 0 | AL390: 0x00000000
A391: 5 | B391: =IF(I391=0,"",VLOOKUP(J391,seriesName!A:B,2,TRUE)) -> 硬甲龙 | C391: 硬甲龙护腿 | D391: 14 | E391: 2 | F391: =D391+VLOOKUP(E391,BuildupTable!L:O,4,FALSE) -> 66 | G391: 77 | H391: 0x0C50004D | I391: 1 | J391: 75 | K391: 3009 | L391: 45 | M391: 1 | N391: 500 | O391: 0 | P391: 2 | Q391: 0 | R391: 0 | S391: 2 | T391: 0 | U391: -2 | V391: 0 | W391: 0 | X391: 0 | Y391: 0 | Z391: 0 | AA391: 0 | AB391: 63 | AC391: 0 | AD391: 0 | AE391: 0 | AF391: 0 | AG391: 1 | AH391: 0 | AI391: 0 | AJ391: 0 | AK391: 0 | AL391: 0x00000000
A392: 1 | B392: =IF(I392=0,"",VLOOKUP(J392,seriesName!A:B,2,TRUE)) -> 硬甲龙S | C392: 硬甲龙S头盔 | D392: 42 | E392: 7 | F392: =D392+VLOOKUP(E392,BuildupTable!L:O,4,FALSE) -> 48 | G392: 78 | H392: 0x0C10004E | I392: 1 | J392: 76 | K392: 9005 | L392: 45 | M392: 3 | N392: 4000 | O392: 0 | P392: 2 | Q392: 1 | R392: 1 | S392: 2 | T392: 0 | U392: -2 | V392: 0 | W392: 0 | X392: 0 | Y392: 1 | Z392: 0 | AA392: 0 | AB392: 49 | AC392: 76 | AD392: 0 | AE392: 0 | AF392: 0 | AG392: 2 | AH392: 1 | AI392: 0 | AJ392: 0 | AK392: 0 | AL392: 0x00000000
A393: 2 | B393: =IF(I393=0,"",VLOOKUP(J393,seriesName!A:B,2,TRUE)) -> 硬甲龙S | C393: 硬甲龙S铠甲 | D393: 42 | E393: 7 | F393: =D393+VLOOKUP(E393,BuildupTable!L:O,4,FALSE) -> 48 | G393: 78 | H393: 0x0C20004E | I393: 1 | J393: 76 | K393: 9005 | L393: 45 | M393: 3 | N393: 4000 | O393: 0 | P393: 2 | Q393: 1 | R393: 1 | S393: 2 | T393: 0 | U393: -2 | V393: 0 | W393: 0 | X393: 0 | Y393: 1 | Z393: 1 | AA393: 0 | AB393: 45 | AC393: 76 | AD393: 0 | AE393: 0 | AF393: 0 | AG393: 1 | AH393: 2 | AI393: 0 | AJ393: 0 | AK393: 0 | AL393: 0x00000000
A394: 3 | B394: =IF(I394=0,"",VLOOKUP(J394,seriesName!A:B,2,TRUE)) -> 硬甲龙S | C394: 硬甲龙S腕甲 | D394: 42 | E394: 7 | F394: =D394+VLOOKUP(E394,BuildupTable!L:O,4,FALSE) -> 48 | G394: 78 | H394: 0x0C30004E | I394: 1 | J394: 76 | K394: 9005 | L394: 45 | M394: 3 | N394: 4000 | O394: 0 | P394: 2 | Q394: 1 | R394: 1 | S394: 2 | T394: 0 | U394: -2 | V394: 0 | W394: 0 | X394: 0 | Y394: 1 | Z394: 1 | AA394: 0 | AB394: 45 | AC394: 0 | AD394: 0 | AE394: 0 | AF394: 0 | AG394: 2 | AH394: 0 | AI394: 0 | AJ394: 0 | AK394: 0 | AL394: 0x00000000
A395: 4 | B395: =IF(I395=0,"",VLOOKUP(J395,seriesName!A:B,2,TRUE)) -> 硬甲龙S | C395: 硬甲龙S腰甲 | D395: 42 | E395: 7 | F395: =D395+VLOOKUP(E395,BuildupTable!L:O,4,FALSE) -> 48 | G395: 78 | H395: 0x0C40004E | I395: 1 | J395: 76 | K395: 9005 | L395: 45 | M395: 3 | N395: 4000 | O395: 0 | P395: 2 | Q395: 1 | R395: 1 | S395: 2 | T395: 0 | U395: -2 | V395: 0 | W395: 0 | X395: 0 | Y395: 1 | Z395: 0 | AA395: 1 | AB395: 63 | AC395: 0 | AD395: 0 | AE395: 0 | AF395: 0 | AG395: 2 | AH395: 0 | AI395: 0 | AJ395: 0 | AK395: 0 | AL395: 0x00000000
A396: 5 | B396: =IF(I396=0,"",VLOOKUP(J396,seriesName!A:B,2,TRUE)) -> 硬甲龙S | C396: 硬甲龙S护腿 | D396: 42 | E396: 7 | F396: =D396+VLOOKUP(E396,BuildupTable!L:O,4,FALSE) -> 48 | G396: 78 | H396: 0x0C50004E | I396: 1 | J396: 76 | K396: 9005 | L396: 45 | M396: 3 | N396: 4000 | O396: 0 | P396: 2 | Q396: 1 | R396: 1 | S396: 2 | T396: 0 | U396: -2 | V396: 0 | W396: 0 | X396: 0 | Y396: 2 | Z396: 0 | AA396: 0 | AB396: 49 | AC396: 63 | AD396: 0 | AE396: 0 | AF396: 0 | AG396: 1 | AH396: 1 | AI396: 0 | AJ396: 0 | AK396: 0 | AL396: 0x00000000
A397: 1 | B397: =IF(I397=0,"",VLOOKUP(J397,seriesName!A:B,2,TRUE)) | C397: 0 | D397: 14 | E397: 2 | F397: =D397+VLOOKUP(E397,BuildupTable!L:O,4,FALSE) -> 66 | G397: 79 | H397: 0x0C10004F | I397: 0 | J397: 77 | K397: 3012 | L397: 46 | M397: 1 | N397: 500 | O397: 0 | P397: 2 | Q397: 0 | R397: 0 | S397: 0 | T397: 0 | U397: 1 | V397: 0 | W397: 0 | X397: 0 | Y397: 0 | Z397: 0 | AA397: 0 | AB397: 0 | AC397: 0 | AD397: 0 | AE397: 0 | AF397: 0 | AG397: 0 | AH397: 0 | AI397: 0 | AJ397: 0 | AK397: 0 | AL397: 0x00000000
A398: 2 | B398: =IF(I398=0,"",VLOOKUP(J398,seriesName!A:B,2,TRUE)) | C398: 0 | D398: 14 | E398: 2 | F398: =D398+VLOOKUP(E398,BuildupTable!L:O,4,FALSE) -> 66 | G398: 79 | H398: 0x0C20004F | I398: 0 | J398: 77 | K398: 3012 | L398: 46 | M398: 1 | N398: 500 | O398: 0 | P398: 2 | Q398: 0 | R398: 0 | S398: 0 | T398: 0 | U398: 1 | V398: 0 | W398: 0 | X398: 0 | Y398: 0 | Z398: 0 | AA398: 0 | AB398: 0 | AC398: 0 | AD398: 0 | AE398: 0 | AF398: 0 | AG398: 0 | AH398: 0 | AI398: 0 | AJ398: 0 | AK398: 0 | AL398: 0x00000000
A399: 3 | B399: =IF(I399=0,"",VLOOKUP(J399,seriesName!A:B,2,TRUE)) -> 狗龙皮 | C399: 狗龙皮臂甲 | D399: 14 | E399: 2 | F399: =D399+VLOOKUP(E399,BuildupTable!L:O,4,FALSE) -> 66 | G399: 79 | H399: 0x0C30004F | I399: 1 | J399: 77 | K399: 3012 | L399: 46 | M399: 1 | N399: 500 | O399: 0 | P399: 2 | Q399: 0 | R399: 0 | S399: 0 | T399: 0 | U399: 1 | V399: 0 | W399: 0 | X399: 0 | Y399: 0 | Z399: 0 | AA399: 0 | AB399: 1 | AC399: 0 | AD399: 0 | AE399: 0 | AF399: 0 | AG399: 1 | AH399: 0 | AI399: 0 | AJ399: 0 | AK399: 0 | AL399: 0x00000000
A400: 4 | B400: =IF(I400=0,"",VLOOKUP(J400,seriesName!A:B,2,TRUE)) | C400: 0 | D400: 14 | E400: 2 | F400: =D400+VLOOKUP(E400,BuildupTable!L:O,4,FALSE) -> 66 | G400: 79 | H400: 0x0C40004F | I400: 0 | J400: 77 | K400: 3012 | L400: 46 | M400: 1 | N400: 500 | O400: 0 | P400: 2 | Q400: 0 | R400: 0 | S400: 0 | T400: 0 | U400: 1 | V400: 0 | W400: 0 | X400: 0 | Y400: 0 | Z400: 0 | AA400: 0 | AB400: 0 | AC400: 0 | AD400: 0 | AE400: 0 | AF400: 0 | AG400: 0 | AH400: 0 | AI400: 0 | AJ400: 0 | AK400: 0 | AL400: 0x00000000
A401: 5 | B401: =IF(I401=0,"",VLOOKUP(J401,seriesName!A:B,2,TRUE)) -> 狗龙皮 | C401: 狗龙皮护腿 | D401: 14 | E401: 2 | F401: =D401+VLOOKUP(E401,BuildupTable!L:O,4,FALSE) -> 66 | G401: 79 | H401: 0x0C50004F | I401: 1 | J401: 77 | K401: 3012 | L401: 46 | M401: 1 | N401: 500 | O401: 0 | P401: 2 | Q401: 0 | R401: 0 | S401: 0 | T401: 0 | U401: 1 | V401: 0 | W401: 0 | X401: 0 | Y401: 0 | Z401: 0 | AA401: 0 | AB401: 99 | AC401: 0 | AD401: 0 | AE401: 0 | AF401: 0 | AG401: 1 | AH401: 0 | AI401: 0 | AJ401: 0 | AK401: 0 | AL401: 0x00000000
A402: 1 | B402: =IF(I402=0,"",VLOOKUP(J402,seriesName!A:B,2,TRUE)) | C402: 0 | D402: 42 | E402: 7 | F402: =D402+VLOOKUP(E402,BuildupTable!L:O,4,FALSE) -> 48 | G402: 80 | H402: 0x0C100050 | I402: 0 | J402: 78 | K402: 9008 | L402: 46 | M402: 3 | N402: 4000 | O402: 0 | P402: 2 | Q402: 1 | R402: 1 | S402: 0 | T402: 0 | U402: 1 | V402: 0 | W402: 0 | X402: 0 | Y402: 0 | Z402: 0 | AA402: 0 | AB402: 0 | AC402: 0 | AD402: 0 | AE402: 0 | AF402: 0 | AG402: 0 | AH402: 0 | AI402: 0 | AJ402: 0 | AK402: 0 | AL402: 0x00000000
A403: 2 | B403: =IF(I403=0,"",VLOOKUP(J403,seriesName!A:B,2,TRUE)) | C403: 0 | D403: 42 | E403: 7 | F403: =D403+VLOOKUP(E403,BuildupTable!L:O,4,FALSE) -> 48 | G403: 80 | H403: 0x0C200050 | I403: 0 | J403: 78 | K403: 9008 | L403: 46 | M403: 3 | N403: 4000 | O403: 0 | P403: 2 | Q403: 1 | R403: 1 | S403: 0 | T403: 0 | U403: 1 | V403: 0 | W403: 0 | X403: 0 | Y403: 0 | Z403: 0 | AA403: 0 | AB403: 0 | AC403: 0 | AD403: 0 | AE403: 0 | AF403: 0 | AG403: 0 | AH403: 0 | AI403: 0 | AJ403: 0 | AK403: 0 | AL403: 0x00000000
A404: 3 | B404: =IF(I404=0,"",VLOOKUP(J404,seriesName!A:B,2,TRUE)) -> 狗龙皮S | C404: 狗龙皮臂甲S | D404: 42 | E404: 7 | F404: =D404+VLOOKUP(E404,BuildupTable!L:O,4,FALSE) -> 48 | G404: 80 | H404: 0x0C300050 | I404: 1 | J404: 78 | K404: 9008 | L404: 46 | M404: 3 | N404: 4000 | O404: 0 | P404: 2 | Q404: 1 | R404: 1 | S404: 0 | T404: 0 | U404: 1 | V404: 0 | W404: 0 | X404: 0 | Y404: 2 | Z404: 0 | AA404: 0 | AB404: 1 | AC404: 0 | AD404: 0 | AE404: 0 | AF404: 0 | AG404: 2 | AH404: 0 | AI404: 0 | AJ404: 0 | AK404: 0 | AL404: 0x00000000
A405: 4 | B405: =IF(I405=0,"",VLOOKUP(J405,seriesName!A:B,2,TRUE)) | C405: 0 | D405: 42 | E405: 7 | F405: =D405+VLOOKUP(E405,BuildupTable!L:O,4,FALSE) -> 48 | G405: 80 | H405: 0x0C400050 | I405: 0 | J405: 78 | K405: 9008 | L405: 46 | M405: 3 | N405: 4000 | O405: 0 | P405: 2 | Q405: 1 | R405: 1 | S405: 0 | T405: 0 | U405: 1 | V405: 0 | W405: 0 | X405: 0 | Y405: 0 | Z405: 0 | AA405: 0 | AB405: 0 | AC405: 0 | AD405: 0 | AE405: 0 | AF405: 0 | AG405: 0 | AH405: 0 | AI405: 0 | AJ405: 0 | AK405: 0 | AL405: 0x00000000
A406: 5 | B406: =IF(I406=0,"",VLOOKUP(J406,seriesName!A:B,2,TRUE)) -> 狗龙皮S | C406: 狗龙皮护腿S | D406: 42 | E406: 7 | F406: =D406+VLOOKUP(E406,BuildupTable!L:O,4,FALSE) -> 48 | G406: 80 | H406: 0x0C500050 | I406: 1 | J406: 78 | K406: 9008 | L406: 46 | M406: 3 | N406: 4000 | O406: 0 | P406: 2 | Q406: 1 | R406: 1 | S406: 0 | T406: 0 | U406: 1 | V406: 0 | W406: 0 | X406: 0 | Y406: 1 | Z406: 1 | AA406: 0 | AB406: 99 | AC406: 0 | AD406: 0 | AE406: 0 | AF406: 0 | AG406: 1 | AH406: 0 | AI406: 0 | AJ406: 0 | AK406: 0 | AL406: 0x00000000
A407: 1 | B407: =IF(I407=0,"",VLOOKUP(J407,seriesName!A:B,2,TRUE)) -> 飞甲虫 | C407: 飞甲虫礼帽 | D407: 14 | E407: 2 | F407: =D407+VLOOKUP(E407,BuildupTable!L:O,4,FALSE) -> 66 | G407: 81 | H407: 0x0C100051 | I407: 1 | J407: 79 | K407: 3011 | L407: 47 | M407: 1 | N407: 500 | O407: 0 | P407: 2 | Q407: 0 | R407: 0 | S407: -2 | T407: 0 | U407: 0 | V407: 0 | W407: 2 | X407: 0 | Y407: 0 | Z407: 0 | AA407: 0 | AB407: 53 | AC407: 0 | AD407: 0 | AE407: 0 | AF407: 0 | AG407: 1 | AH407: 0 | AI407: 0 | AJ407: 0 | AK407: 0 | AL407: 0x00000000
A408: 2 | B408: =IF(I408=0,"",VLOOKUP(J408,seriesName!A:B,2,TRUE)) -> 飞甲虫 | C408: 飞甲虫服装 | D408: 14 | E408: 2 | F408: =D408+VLOOKUP(E408,BuildupTable!L:O,4,FALSE) -> 66 | G408: 81 | H408: 0x0C200051 | I408: 1 | J408: 79 | K408: 3011 | L408: 47 | M408: 1 | N408: 500 | O408: 0 | P408: 2 | Q408: 0 | R408: 0 | S408: -2 | T408: 0 | U408: 0 | V408: 0 | W408: 2 | X408: 0 | Y408: 0 | Z408: 0 | AA408: 0 | AB408: 19 | AC408: 0 | AD408: 0 | AE408: 0 | AF408: 0 | AG408: 1 | AH408: 0 | AI408: 0 | AJ408: 0 | AK408: 0 | AL408: 0x00000000
A409: 3 | B409: =IF(I409=0,"",VLOOKUP(J409,seriesName!A:B,2,TRUE)) -> 飞甲虫 | C409: 飞甲虫护手 | D409: 14 | E409: 2 | F409: =D409+VLOOKUP(E409,BuildupTable!L:O,4,FALSE) -> 66 | G409: 81 | H409: 0x0C300051 | I409: 1 | J409: 79 | K409: 3011 | L409: 47 | M409: 1 | N409: 500 | O409: 0 | P409: 2 | Q409: 0 | R409: 0 | S409: -2 | T409: 0 | U409: 0 | V409: 0 | W409: 2 | X409: 0 | Y409: 0 | Z409: 0 | AA409: 0 | AB409: 65 | AC409: 0 | AD409: 0 | AE409: 0 | AF409: 0 | AG409: 1 | AH409: 0 | AI409: 0 | AJ409: 0 | AK409: 0 | AL409: 0x00000000
A410: 4 | B410: =IF(I410=0,"",VLOOKUP(J410,seriesName!A:B,2,TRUE)) -> 飞甲虫 | C410: 飞甲虫腰甲 | D410: 14 | E410: 2 | F410: =D410+VLOOKUP(E410,BuildupTable!L:O,4,FALSE) -> 66 | G410: 81 | H410: 0x0C400051 | I410: 1 | J410: 79 | K410: 3011 | L410: 47 | M410: 1 | N410: 500 | O410: 0 | P410: 2 | Q410: 0 | R410: 0 | S410: -2 | T410: 0 | U410: 0 | V410: 0 | W410: 2 | X410: 0 | Y410: 0 | Z410: 0 | AA410: 0 | AB410: 19 | AC410: 0 | AD410: 0 | AE410: 0 | AF410: 0 | AG410: 1 | AH410: 0 | AI410: 0 | AJ410: 0 | AK410: 0 | AL410: 0x00000000
A411: 5 | B411: =IF(I411=0,"",VLOOKUP(J411,seriesName!A:B,2,TRUE)) -> 飞甲虫 | C411: 飞甲虫靴 | D411: 14 | E411: 2 | F411: =D411+VLOOKUP(E411,BuildupTable!L:O,4,FALSE) -> 66 | G411: 81 | H411: 0x0C500051 | I411: 1 | J411: 79 | K411: 3011 | L411: 47 | M411: 1 | N411: 500 | O411: 0 | P411: 2 | Q411: 0 | R411: 0 | S411: -2 | T411: 0 | U411: 0 | V411: 0 | W411: 2 | X411: 0 | Y411: 0 | Z411: 0 | AA411: 0 | AB411: 53 | AC411: 0 | AD411: 0 | AE411: 0 | AF411: 0 | AG411: 1 | AH411: 0 | AI411: 0 | AJ411: 0 | AK411: 0 | AL411: 0x00000000
A412: 1 | B412: =IF(I412=0,"",VLOOKUP(J412,seriesName!A:B,2,TRUE)) -> 飞甲虫S | C412: 飞甲虫S礼帽 | D412: 34 | E412: 6 | F412: =D412+VLOOKUP(E412,BuildupTable!L:O,4,FALSE) -> 34 | G412: 82 | H412: 0x0C100052 | I412: 1 | J412: 80 | K412: 8009 | L412: 47 | M412: 3 | N412: 4000 | O412: 0 | P412: 2 | Q412: 1 | R412: 1 | S412: -2 | T412: 0 | U412: 0 | V412: 0 | W412: 2 | X412: 0 | Y412: 0 | Z412: 1 | AA412: 0 | AB412: 18 | AC412: 53 | AD412: 0 | AE412: 0 | AF412: 0 | AG412: 1 | AH412: 2 | AI412: 0 | AJ412: 0 | AK412: 0 | AL412: 0x00000000
A413: 2 | B413: =IF(I413=0,"",VLOOKUP(J413,seriesName!A:B,2,TRUE)) -> 飞甲虫S | C413: 飞甲虫S服装 | D413: 34 | E413: 6 | F413: =D413+VLOOKUP(E413,BuildupTable!L:O,4,FALSE) -> 34 | G413: 82 | H413: 0x0C200052 | I413: 1 | J413: 80 | K413: 8009 | L413: 47 | M413: 3 | N413: 4000 | O413: 0 | P413: 2 | Q413: 1 | R413: 1 | S413: -2 | T413: 0 | U413: 0 | V413: 0 | W413: 2 | X413: 0 | Y413: 2 | Z413: 0 | AA413: 0 | AB413: 19 | AC413: 65 | AD413: 0 | AE413: 0 | AF413: 0 | AG413: 1 | AH413: 1 | AI413: 0 | AJ413: 0 | AK413: 0 | AL413: 0x00000000
A414: 3 | B414: =IF(I414=0,"",VLOOKUP(J414,seriesName!A:B,2,TRUE)) -> 飞甲虫S | C414: 飞甲虫S护手 | D414: 34 | E414: 6 | F414: =D414+VLOOKUP(E414,BuildupTable!L:O,4,FALSE) -> 34 | G414: 82 | H414: 0x0C300052 | I414: 1 | J414: 80 | K414: 8009 | L414: 47 | M414: 3 | N414: 4000 | O414: 0 | P414: 2 | Q414: 1 | R414: 1 | S414: -2 | T414: 0 | U414: 0 | V414: 0 | W414: 2 | X414: 0 | Y414: 1 | Z414: 0 | AA414: 0 | AB414: 18 | AC414: 65 | AD414: 0 | AE414: 0 | AF414: 0 | AG414: 2 | AH414: 1 | AI414: 0 | AJ414: 0 | AK414: 0 | AL414: 0x00000000
A415: 4 | B415: =IF(I415=0,"",VLOOKUP(J415,seriesName!A:B,2,TRUE)) -> 飞甲虫S | C415: 飞甲虫S腰甲 | D415: 34 | E415: 6 | F415: =D415+VLOOKUP(E415,BuildupTable!L:O,4,FALSE) -> 34 | G415: 82 | H415: 0x0C400052 | I415: 1 | J415: 80 | K415: 8009 | L415: 47 | M415: 3 | N415: 4000 | O415: 0 | P415: 2 | Q415: 1 | R415: 1 | S415: -2 | T415: 0 | U415: 0 | V415: 0 | W415: 2 | X415: 0 | Y415: 2 | Z415: 0 | AA415: 0 | AB415: 19 | AC415: 65 | AD415: 0 | AE415: 0 | AF415: 0 | AG415: 1 | AH415: 1 | AI415: 0 | AJ415: 0 | AK415: 0 | AL415: 0x00000000
A416: 5 | B416: =IF(I416=0,"",VLOOKUP(J416,seriesName!A:B,2,TRUE)) -> 飞甲虫S | C416: 飞甲虫S靴 | D416: 34 | E416: 6 | F416: =D416+VLOOKUP(E416,BuildupTable!L:O,4,FALSE) -> 34 | G416: 82 | H416: 0x0C500052 | I416: 1 | J416: 80 | K416: 8009 | L416: 47 | M416: 3 | N416: 4000 | O416: 0 | P416: 2 | Q416: 1 | R416: 1 | S416: -2 | T416: 0 | U416: 0 | V416: 0 | W416: 2 | X416: 0 | Y416: 1 | Z416: 1 | AA416: 0 | AB416: 19 | AC416: 53 | AD416: 0 | AE416: 0 | AF416: 0 | AG416: 1 | AH416: 1 | AI416: 0 | AJ416: 0 | AK416: 0 | AL416: 0x00000000
A417: 1 | B417: =IF(I417=0,"",VLOOKUP(J417,seriesName!A:B,2,TRUE)) -> 野猪伪装 | C417: 野猪伪装 | D417: 14 | E417: 3 | F417: =D417+VLOOKUP(E417,BuildupTable!L:O,4,FALSE) -> 64 | G417: 83 | H417: 0x0C100053 | I417: 1 | J417: 81 | K417: 4008 | L417: 48 | M417: 1 | N417: 1000 | O417: 0 | P417: 2 | Q417: 0 | R417: 0 | S417: 0 | T417: 4 | U417: 0 | V417: -2 | W417: 0 | X417: 0 | Y417: 0 | Z417: 0 | AA417: 0 | AB417: 28 | AC417: 0 | AD417: 0 | AE417: 0 | AF417: 0 | AG417: 1 | AH417: 0 | AI417: 0 | AJ417: 0 | AK417: 0 | AL417: 0x00000000
A418: 2 | B418: =IF(I418=0,"",VLOOKUP(J418,seriesName!A:B,2,TRUE)) | C418: 0 | D418: 14 | E418: 3 | F418: =D418+VLOOKUP(E418,BuildupTable!L:O,4,FALSE) -> 64 | G418: 83 | H418: 0x0C200053 | I418: 0 | J418: 81 | K418: 4008 | L418: 48 | M418: 1 | N418: 1000 | O418: 0 | P418: 2 | Q418: 0 | R418: 0 | S418: 0 | T418: 4 | U418: 0 | V418: -2 | W418: 0 | X418: 0 | Y418: 0 | Z418: 0 | AA418: 0 | AB418: 0 | AC418: 0 | AD418: 0 | AE418: 0 | AF418: 0 | AG418: 0 | AH418: 0 | AI418: 0 | AJ418: 0 | AK418: 0 | AL418: 0x00000000
A419: 3 | B419: =IF(I419=0,"",VLOOKUP(J419,seriesName!A:B,2,TRUE)) | C419: 0 | D419: 14 | E419: 3 | F419: =D419+VLOOKUP(E419,BuildupTable!L:O,4,FALSE) -> 64 | G419: 83 | H419: 0x0C300053 | I419: 0 | J419: 81 | K419: 4008 | L419: 48 | M419: 1 | N419: 1000 | O419: 0 | P419: 2 | Q419: 0 | R419: 0 | S419: 0 | T419: 4 | U419: 0 | V419: -2 | W419: 0 | X419: 0 | Y419: 0 | Z419: 0 | AA419: 0 | AB419: 0 | AC419: 0 | AD419: 0 | AE419: 0 | AF419: 0 | AG419: 0 | AH419: 0 | AI419: 0 | AJ419: 0 | AK419: 0 | AL419: 0x00000000
A420: 4 | B420: =IF(I420=0,"",VLOOKUP(J420,seriesName!A:B,2,TRUE)) | C420: 0 | D420: 14 | E420: 3 | F420: =D420+VLOOKUP(E420,BuildupTable!L:O,4,FALSE) -> 64 | G420: 83 | H420: 0x0C400053 | I420: 0 | J420: 81 | K420: 4008 | L420: 48 | M420: 1 | N420: 1000 | O420: 0 | P420: 2 | Q420: 0 | R420: 0 | S420: 0 | T420: 4 | U420: 0 | V420: -2 | W420: 0 | X420: 0 | Y420: 0 | Z420: 0 | AA420: 0 | AB420: 0 | AC420: 0 | AD420: 0 | AE420: 0 | AF420: 0 | AG420: 0 | AH420: 0 | AI420: 0 | AJ420: 0 | AK420: 0 | AL420: 0x00000000
A421: 5 | B421: =IF(I421=0,"",VLOOKUP(J421,seriesName!A:B,2,TRUE)) | C421: 0 | D421: 14 | E421: 3 | F421: =D421+VLOOKUP(E421,BuildupTable!L:O,4,FALSE) -> 64 | G421: 83 | H421: 0x0C500053 | I421: 0 | J421: 81 | K421: 4008 | L421: 48 | M421: 1 | N421: 1000 | O421: 0 | P421: 2 | Q421: 0 | R421: 0 | S421: 0 | T421: 4 | U421: 0 | V421: -2 | W421: 0 | X421: 0 | Y421: 0 | Z421: 0 | AA421: 0 | AB421: 0 | AC421: 0 | AD421: 0 | AE421: 0 | AF421: 0 | AG421: 0 | AH421: 0 | AI421: 0 | AJ421: 0 | AK421: 0 | AL421: 0x00000000
A422: 1 | B422: =IF(I422=0,"",VLOOKUP(J422,seriesName!A:B,2,TRUE)) -> 野猪S伪装 | C422: 野猪S伪装 | D422: 36 | E422: 7 | F422: =D422+VLOOKUP(E422,BuildupTable!L:O,4,FALSE) -> 42 | G422: 84 | H422: 0x0C100054 | I422: 1 | J422: 82 | K422: 9006 | L422: 48 | M422: 3 | N422: 4000 | O422: 0 | P422: 2 | Q422: 1 | R422: 1 | S422: 0 | T422: 4 | U422: 0 | V422: -2 | W422: 0 | X422: 0 | Y422: 1 | Z422: 0 | AA422: 0 | AB422: 28 | AC422: 0 | AD422: 0 | AE422: 0 | AF422: 0 | AG422: 2 | AH422: 0 | AI422: 0 | AJ422: 0 | AK422: 0 | AL422: 0x00000000
A423: 2 | B423: =IF(I423=0,"",VLOOKUP(J423,seriesName!A:B,2,TRUE)) | C423: 0 | D423: 36 | E423: 7 | F423: =D423+VLOOKUP(E423,BuildupTable!L:O,4,FALSE) -> 42 | G423: 84 | H423: 0x0C200054 | I423: 0 | J423: 82 | K423: 9006 | L423: 48 | M423: 3 | N423: 4000 | O423: 0 | P423: 2 | Q423: 1 | R423: 1 | S423: 0 | T423: 4 | U423: 0 | V423: -2 | W423: 0 | X423: 0 | Y423: 0 | Z423: 0 | AA423: 0 | AB423: 0 | AC423: 0 | AD423: 0 | AE423: 0 | AF423: 0 | AG423: 0 | AH423: 0 | AI423: 0 | AJ423: 0 | AK423: 0 | AL423: 0x00000000
A424: 3 | B424: =IF(I424=0,"",VLOOKUP(J424,seriesName!A:B,2,TRUE)) | C424: 0 | D424: 36 | E424: 7 | F424: =D424+VLOOKUP(E424,BuildupTable!L:O,4,FALSE) -> 42 | G424: 84 | H424: 0x0C300054 | I424: 0 | J424: 82 | K424: 9006 | L424: 48 | M424: 3 | N424: 4000 | O424: 0 | P424: 2 | Q424: 1 | R424: 1 | S424: 0 | T424: 4 | U424: 0 | V424: -2 | W424: 0 | X424: 0 | Y424: 0 | Z424: 0 | AA424: 0 | AB424: 0 | AC424: 0 | AD424: 0 | AE424: 0 | AF424: 0 | AG424: 0 | AH424: 0 | AI424: 0 | AJ424: 0 | AK424: 0 | AL424: 0x00000000
A425: 4 | B425: =IF(I425=0,"",VLOOKUP(J425,seriesName!A:B,2,TRUE)) | C425: 0 | D425: 36 | E425: 7 | F425: =D425+VLOOKUP(E425,BuildupTable!L:O,4,FALSE) -> 42 | G425: 84 | H425: 0x0C400054 | I425: 0 | J425: 82 | K425: 9006 | L425: 48 | M425: 3 | N425: 4000 | O425: 0 | P425: 2 | Q425: 1 | R425: 1 | S425: 0 | T425: 4 | U425: 0 | V425: -2 | W425: 0 | X425: 0 | Y425: 0 | Z425: 0 | AA425: 0 | AB425: 0 | AC425: 0 | AD425: 0 | AE425: 0 | AF425: 0 | AG425: 0 | AH425: 0 | AI425: 0 | AJ425: 0 | AK425: 0 | AL425: 0x00000000
A426: 5 | B426: =IF(I426=0,"",VLOOKUP(J426,seriesName!A:B,2,TRUE)) | C426: 0 | D426: 36 | E426: 7 | F426: =D426+VLOOKUP(E426,BuildupTable!L:O,4,FALSE) -> 42 | G426: 84 | H426: 0x0C500054 | I426: 0 | J426: 82 | K426: 9006 | L426: 48 | M426: 3 | N426: 4000 | O426: 0 | P426: 2 | Q426: 1 | R426: 1 | S426: 0 | T426: 4 | U426: 0 | V426: -2 | W426: 0 | X426: 0 | Y426: 0 | Z426: 0 | AA426: 0 | AB426: 0 | AC426: 0 | AD426: 0 | AE426: 0 | AF426: 0 | AG426: 0 | AH426: 0 | AI426: 0 | AJ426: 0 | AK426: 0 | AL426: 0x00000000
A427: 1 | B427: =IF(I427=0,"",VLOOKUP(J427,seriesName!A:B,2,TRUE)) -> 翼蛇龙 | C427: 翼蛇龙头饰 | D427: 18 | E427: 3 | F427: =D427+VLOOKUP(E427,BuildupTable!L:O,4,FALSE) -> 68 | G427: 85 | H427: 0x0C100055 | I427: 1 | J427: 83 | K427: 4010 | L427: 49 | M427: 1 | N427: 1000 | O427: 0 | P427: 2 | Q427: 0 | R427: 0 | S427: 1 | T427: 1 | U427: 1 | V427: 1 | W427: 2 | X427: 0 | Y427: 0 | Z427: 0 | AA427: 0 | AB427: 62 | AC427: 0 | AD427: 0 | AE427: 0 | AF427: 0 | AG427: 2 | AH427: 0 | AI427: 0 | AJ427: 0 | AK427: 0 | AL427: 0x00000000
A428: 2 | B428: =IF(I428=0,"",VLOOKUP(J428,seriesName!A:B,2,TRUE)) -> 翼蛇龙 | C428: 翼蛇龙套装衣装 | D428: 18 | E428: 3 | F428: =D428+VLOOKUP(E428,BuildupTable!L:O,4,FALSE) -> 68 | G428: 85 | H428: 0x0C200055 | I428: 1 | J428: 83 | K428: 4010 | L428: 49 | M428: 1 | N428: 1000 | O428: 0 | P428: 2 | Q428: 0 | R428: 0 | S428: 1 | T428: 1 | U428: 1 | V428: 1 | W428: 2 | X428: 0 | Y428: 0 | Z428: 0 | AA428: 0 | AB428: 88 | AC428: 0 | AD428: 0 | AE428: 0 | AF428: 0 | AG428: 1 | AH428: 0 | AI428: 0 | AJ428: 0 | AK428: 0 | AL428: 0x00000000
A429: 3 | B429: =IF(I429=0,"",VLOOKUP(J429,seriesName!A:B,2,TRUE)) -> 翼蛇龙 | C429: 翼蛇龙套装手套 | D429: 18 | E429: 3 | F429: =D429+VLOOKUP(E429,BuildupTable!L:O,4,FALSE) -> 68 | G429: 85 | H429: 0x0C300055 | I429: 1 | J429: 83 | K429: 4010 | L429: 49 | M429: 1 | N429: 1000 | O429: 0 | P429: 2 | Q429: 0 | R429: 0 | S429: 1 | T429: 1 | U429: 1 | V429: 1 | W429: 2 | X429: 0 | Y429: 0 | Z429: 0 | AA429: 0 | AB429: 11 | AC429: 62 | AD429: 0 | AE429: 0 | AF429: 0 | AG429: 1 | AH429: 1 | AI429: 0 | AJ429: 0 | AK429: 0 | AL429: 0x00000000
A430: 4 | B430: =IF(I430=0,"",VLOOKUP(J430,seriesName!A:B,2,TRUE)) -> 翼蛇龙 | C430: 翼蛇龙套装腰带 | D430: 18 | E430: 3 | F430: =D430+VLOOKUP(E430,BuildupTable!L:O,4,FALSE) -> 68 | G430: 85 | H430: 0x0C400055 | I430: 1 | J430: 83 | K430: 4010 | L430: 49 | M430: 1 | N430: 1000 | O430: 0 | P430: 2 | Q430: 0 | R430: 0 | S430: 1 | T430: 1 | U430: 1 | V430: 1 | W430: 2 | X430: 0 | Y430: 0 | Z430: 0 | AA430: 0 | AB430: 11 | AC430: 0 | AD430: 0 | AE430: 0 | AF430: 0 | AG430: 1 | AH430: 0 | AI430: 0 | AJ430: 0 | AK430: 0 | AL430: 0x00000000
A431: 5 | B431: =IF(I431=0,"",VLOOKUP(J431,seriesName!A:B,2,TRUE)) -> 翼蛇龙 | C431: 翼蛇龙套装鞋子 | D431: 18 | E431: 3 | F431: =D431+VLOOKUP(E431,BuildupTable!L:O,4,FALSE) -> 68 | G431: 85 | H431: 0x0C500055 | I431: 1 | J431: 83 | K431: 4010 | L431: 49 | M431: 1 | N431: 1000 | O431: 0 | P431: 2 | Q431: 0 | R431: 0 | S431: 1 | T431: 1 | U431: 1 | V431: 1 | W431: 2 | X431: 0 | Y431: 0 | Z431: 0 | AA431: 0 | AB431: 57 | AC431: 0 | AD431: 0 | AE431: 0 | AF431: 0 | AG431: 1 | AH431: 0 | AI431: 0 | AJ431: 0 | AK431: 0 | AL431: 0x00000000
A432: 1 | B432: =IF(I432=0,"",VLOOKUP(J432,seriesName!A:B,2,TRUE)) -> 翼蛇龙S | C432: 翼蛇龙S头饰 | D432: 52 | E432: 9 | F432: =D432+VLOOKUP(E432,BuildupTable!L:O,4,FALSE) -> 82 | G432: 86 | H432: 0x0C100056 | I432: 1 | J432: 84 | K432: 10016 | L432: 49 | M432: 4 | N432: 7000 | O432: 0 | P432: 2 | Q432: 1 | R432: 1 | S432: 1 | T432: 1 | U432: 1 | V432: 1 | W432: 3 | X432: 0 | Y432: 0 | Z432: 1 | AA432: 0 | AB432: 62 | AC432: 0 | AD432: 0 | AE432: 0 | AF432: 0 | AG432: 2 | AH432: 0 | AI432: 0 | AJ432: 0 | AK432: 0 | AL432: 0x00000000
...

Sheet armorBaseData(sheet)
B1: lookup_Series | C1: lookup_Armor | D1: 模型 | E1: maxDef | F1: Lv1SlotNum | G1: Lv2SlotNum | H1: Lv3SlotNum | I1: Lv4SlotNum | J1: SkillLookUp[0] | K1: SkillLV[0] | L1: SkillLookUp[1] | M1: SkillLV[1] | N1: SkillLookUp[2] | O1: SkillLV[2] | P1: SkillLookUp[3] | Q1: SkillLV[3] | R1: SkillLookUp[4] | S1: SkillLV[4] | T1: 词条池 | U1: Cost | V1: parseArmorId | W1: Id | X1: IsValid | Y1: Series | Z1: SortId | AA1: ModelId | AB1: Rare | AC1: Value | AD1: BuyValue | AE1: SexualEquipable | AF1: SymbolColor1 | AG1: SymbolColor2 | AH1: DefVal | AI1: FireRegVal | AJ1: WaterRegVal | AK1: IceRegVal | AL1: ThunderRegVal | AM1: DragonRegVal | AN1: BuildupTable | AO1: BuffFormula | AP1: DecorationsNumList[0] | AQ1: DecorationsNumList[1] | AR1: DecorationsNumList[2] | AS1: DecorationsNumList[3] | AT1: SkillList[0] | AU1: SkillList[1] | AV1: SkillList[2] | AW1: SkillList[3] | AX1: SkillList[4] | AY1: SkillLvList[0] | AZ1: SkillLvList[1] | BA1: SkillLvList[2] | BB1: SkillLvList[3] | BC1: SkillLvList[4] | BD1: IdAfterExChange | BE1: CustomTableNo | BF1: CustomCost | BG1: parseArmorIdHex
A2: =IF(X2=0,0,HEX2DEC(MID(W2,5,1))) -> 1 | B2: =IF(X2=0,"",VLOOKUP(Y2,seriesName!A:B,2,TRUE)) -> 炎火装束 | C2: =IF(A2=1,VLOOKUP(V2,Head!A:B,2,TRUE),IF(A2=2,VLOOKUP(V2,Chest!A:B,2,TRUE),IF(A2=3,VLOOKUP(V2,Arm!A:B,2,TRUE),IF(A2=4,VLOOKUP(V2,Waist!A:B,2,TRUE),IF(A2=5,VLOOKUP(V2,Leg!A:B,2,TRUE),""))))) -> 炎火装束【头巾】 | D2: =IF(X2=1,VLOOKUP(AA2,modelID!A:B,2,FALSE),"") -> pl200 | E2: =IF(X2=0,"",AH2+VLOOKUP(AN2,BuildupTable!L:O,4,FALSE)) -> 67 | F2: =AP2 -> 0 | G2: =AQ2 -> 0 | H2: =AR2 -> 0 | I2: =AS2 -> 0 | J2: =IF(AT2=0,"",VLOOKUP(AT2,skillbasedata!A:B,2,TRUE)) -> 精灵加护 | K2: =AY2 -> 1 | L2: =IF(AU2=0,"",VLOOKUP(AU2,skillbasedata!A:B,2,TRUE)) | M2: =AZ2 -> 0 | N2: =IF(AV2=0,"",VLOOKUP(AV2,skillbasedata!A:B,2,TRUE)) | O2: =BA2 -> 0 | P2: =IF(AW2=0,"",VLOOKUP(AW2,skillbasedata!A:B,2,TRUE)) | Q2: =BB2 -> 0 | R2: =IF(AX2=0,"",VLOOKUP(AX2,skillbasedata!A:B,2,TRUE)) | S2: =BC2 -> 0 | T2: =BE2 -> 0 | U2: =BF2 -> 0 | V2: =IF(BG2=0,0,HEX2DEC(BG2)) -> 0 | W2: 0x0C100000 | X2: 1 | Y2: 0 | Z2: 1001 | AA2: 30 | AB2: 0 | AC2: 100 | AD2: 300 | AE2: 2 | AF2: 0 | AG2: 0 | AH2: 1 | AI2: 1 | AJ2: 0 | AK2: 0 | AL2: 0 | AM2: 0 | AN2: 0 | AO2: 0 | AP2: 0 | AQ2: 0 | AR2: 0 | AS2: 0 | AT2: 57 | AU2: 0 | AV2: 0 | AW2: 0 | AX2: 0 | AY2: 1 | AZ2: 0 | BA2: 0 | BB2: 0 | BC2: 0 | BD2: 0x00000000 | BE2: 0 | BF2: 0 | BG2: =MID(W2,7,4) -> 0000
A3: =IF(X3=0,0,HEX2DEC(MID(W3,5,1))) -> 2 | B3: =IF(X3=0,"",VLOOKUP(Y3,seriesName!A:B,2,TRUE)) -> 炎火装束 | C3: =IF(A3=1,VLOOKUP(V3,Head!A:B,2,TRUE),IF(A3=2,VLOOKUP(V3,Chest!A:B,2,TRUE),IF(A3=3,VLOOKUP(V3,Arm!A:B,2,TRUE),IF(A3=4,VLOOKUP(V3,Waist!A:B,2,TRUE),IF(A3=5,VLOOKUP(V3,Leg!A:B,2,TRUE),""))))) -> 炎火装束【上衣】 | D3: =IF(X3=1,VLOOKUP(AA3,modelID!A:B,2,FALSE),"") -> pl200 | E3: =IF(X3=0,"",AH3+VLOOKUP(AN3,BuildupTable!L:O,4,FALSE)) -> 67 | F3: =AP3 -> 0 | G3: =AQ3 -> 0 | H3: =AR3 -> 0 | I3: =AS3 -> 0 | J3: =IF(AT3=0,"",VLOOKUP(AT3,skillbasedata!A:B,2,TRUE)) -> 翔虫使 | K3: =AY3 -> 1 | L3: =IF(AU3=0,"",VLOOKUP(AU3,skillbasedata!A:B,2,TRUE)) | M3: =AZ3 -> 0 | N3: =IF(AV3=0,"",VLOOKUP(AV3,skillbasedata!A:B,2,TRUE)) | O3: =BA3 -> 0 | P3: =IF(AW3=0,"",VLOOKUP(AW3,skillbasedata!A:B,2,TRUE)) | Q3: =BB3 -> 0 | R3: =IF(AX3=0,"",VLOOKUP(AX3,skillbasedata!A:B,2,TRUE)) | S3: =BC3 -> 0 | T3: =BE3 -> 0 | U3: =BF3 -> 0 | V3: =IF(BG3=0,0,HEX2DEC(BG3)) -> 0 | W3: 0x0C200000 | X3: 1 | Y3: 0 | Z3: 1001 | AA3: 30 | AB3: 0 | AC3: 100 | AD3: 300 | AE3: 2 | AF3: 0 | AG3: 0 | AH3: 1 | AI3: 1 | AJ3: 0 | AK3: 0 | AL3: 0 | AM3: 0 | AN3: 0 | AO3: 0 | AP3: 0 | AQ3: 0 | AR3: 0 | AS3: 0 | AT3: 104 | AU3: 0 | AV3: 0 | AW3: 0 | AX3: 0 | AY3: 1 | AZ3: 0 | BA3: 0 | BB3: 0 | BC3: 0 | BD3: 0x00000000 | BE3: 0 | BF3: 0 | BG3: =MID(W3,7,4) -> 0000
A4: =IF(X4=0,0,HEX2DEC(MID(W4,5,1))) -> 3 | B4: =IF(X4=0,"",VLOOKUP(Y4,seriesName!A:B,2,TRUE)) -> 炎火装束 | C4: =IF(A4=1,VLOOKUP(V4,Head!A:B,2,TRUE),IF(A4=2,VLOOKUP(V4,Chest!A:B,2,TRUE),IF(A4=3,VLOOKUP(V4,Arm!A:B,2,TRUE),IF(A4=4,VLOOKUP(V4,Waist!A:B,2,TRUE),IF(A4=5,VLOOKUP(V4,Leg!A:B,2,TRUE),""))))) -> 炎火装束【手甲】 | D4: =IF(X4=1,VLOOKUP(AA4,modelID!A:B,2,FALSE),"") -> pl200 | E4: =IF(X4=0,"",AH4+VLOOKUP(AN4,BuildupTable!L:O,4,FALSE)) -> 67 | F4: =AP4 -> 0 | G4: =AQ4 -> 0 | H4: =AR4 -> 0 | I4: =AS4 -> 0 | J4: =IF(AT4=0,"",VLOOKUP(AT4,skillbasedata!A:B,2,TRUE)) -> 火场怪力 | K4: =AY4 -> 1 | L4: =IF(AU4=0,"",VLOOKUP(AU4,skillbasedata!A:B,2,TRUE)) | M4: =AZ4 -> 0 | N4: =IF(AV4=0,"",VLOOKUP(AV4,skillbasedata!A:B,2,TRUE)) | O4: =BA4 -> 0 | P4: =IF(AW4=0,"",VLOOKUP(AW4,skillbasedata!A:B,2,TRUE)) | Q4: =BB4 -> 0 | R4: =IF(AX4=0,"",VLOOKUP(AX4,skillbasedata!A:B,2,TRUE)) | S4: =BC4 -> 0 | T4: =BE4 -> 0 | U4: =BF4 -> 0 | V4: =IF(BG4=0,0,HEX2DEC(BG4)) -> 0 | W4: 0x0C300000 | X4: 1 | Y4: 0 | Z4: 1001 | AA4: 30 | AB4: 0 | AC4: 100 | AD4: 300 | AE4: 2 | AF4: 0 | AG4: 0 | AH4: 1 | AI4: 1 | AJ4: 0 | AK4: 0 | AL4: 0 | AM4: 0 | AN4: 0 | AO4: 0 | AP4: 0 | AQ4: 0 | AR4: 0 | AS4: 0 | AT4: 91 | AU4: 0 | AV4: 0 | AW4: 0 | AX4: 0 | AY4: 1 | AZ4: 0 | BA4: 0 | BB4: 0 | BC4: 0 | BD4: 0x00000000 | BE4: 0 | BF4: 0 | BG4: =MID(W4,7,4) -> 0000
A5: =IF(X5=0,0,HEX2DEC(MID(W5,5,1))) -> 4 | B5: =IF(X5=0,"",VLOOKUP(Y5,seriesName!A:B,2,TRUE)) -> 炎火装束 | C5: =IF(A5=1,VLOOKUP(V5,Head!A:B,2,TRUE),IF(A5=2,VLOOKUP(V5,Chest!A:B,2,TRUE),IF(A5=3,VLOOKUP(V5,Arm!A:B,2,TRUE),IF(A5=4,VLOOKUP(V5,Waist!A:B,2,TRUE),IF(A5=5,VLOOKUP(V5,Leg!A:B,2,TRUE),""))))) -> 炎火装束【腰卷】 | D5: =IF(X5=1,VLOOKUP(AA5,modelID!A:B,2,FALSE),"") -> pl200 | E5: =IF(X5=0,"",AH5+VLOOKUP(AN5,BuildupTable!L:O,4,FALSE)) -> 67 | F5: =AP5 -> 0 | G5: =AQ5 -> 0 | H5: =AR5 -> 0 | I5: =AS5 -> 0 | J5: =IF(AT5=0,"",VLOOKUP(AT5,skillbasedata!A:B,2,TRUE)) -> 看破 | K5: =AY5 -> 1 | L5: =IF(AU5=0,"",VLOOKUP(AU5,skillbasedata!A:B,2,TRUE)) | M5: =AZ5 -> 0 | N5: =IF(AV5=0,"",VLOOKUP(AV5,skillbasedata!A:B,2,TRUE)) | O5: =BA5 -> 0 | P5: =IF(AW5=0,"",VLOOKUP(AW5,skillbasedata!A:B,2,TRUE)) | Q5: =BB5 -> 0 | R5: =IF(AX5=0,"",VLOOKUP(AX5,skillbasedata!A:B,2,TRUE)) | S5: =BC5 -> 0 | T5: =BE5 -> 0 | U5: =BF5 -> 0 | V5: =IF(BG5=0,0,HEX2DEC(BG5)) -> 0 | W5: 0x0C400000 | X5: 1 | Y5: 0 | Z5: 1001 | AA5: 30 | AB5: 0 | AC5: 100 | AD5: 300 | AE5: 2 | AF5: 0 | AG5: 0 | AH5: 1 | AI5: 1 | AJ5: 0 | AK5: 0 | AL5: 0 | AM5: 0 | AN5: 0 | AO5: 0 | AP5: 0 | AQ5: 0 | AR5: 0 | AS5: 0 | AT5: 6 | AU5: 0 | AV5: 0 | AW5: 0 | AX5: 0 | AY5: 1 | AZ5: 0 | BA5: 0 | BB5: 0 | BC5: 0 | BD5: 0x00000000 | BE5: 0 | BF5: 0 | BG5: =MID(W5,7,4) -> 0000
A6: =IF(X6=0,0,HEX2DEC(MID(W6,5,1))) -> 5 | B6: =IF(X6=0,"",VLOOKUP(Y6,seriesName!A:B,2,TRUE)) -> 炎火装束 | C6: =IF(A6=1,VLOOKUP(V6,Head!A:B,2,TRUE),IF(A6=2,VLOOKUP(V6,Chest!A:B,2,TRUE),IF(A6=3,VLOOKUP(V6,Arm!A:B,2,TRUE),IF(A6=4,VLOOKUP(V6,Waist!A:B,2,TRUE),IF(A6=5,VLOOKUP(V6,Leg!A:B,2,TRUE),""))))) -> 炎火装束【绑腿】 | D6: =IF(X6=1,VLOOKUP(AA6,modelID!A:B,2,FALSE),"") -> pl200 | E6: =IF(X6=0,"",AH6+VLOOKUP(AN6,BuildupTable!L:O,4,FALSE)) -> 67 | F6: =AP6 -> 0 | G6: =AQ6 -> 0 | H6: =AR6 -> 0 | I6: =AS6 -> 0 | J6: =IF(AT6=0,"",VLOOKUP(AT6,skillbasedata!A:B,2,TRUE)) -> 墙面移动 | K6: =AY6 -> 1 | L6: =IF(AU6=0,"",VLOOKUP(AU6,skillbasedata!A:B,2,TRUE)) | M6: =AZ6 -> 0 | N6: =IF(AV6=0,"",VLOOKUP(AV6,skillbasedata!A:B,2,TRUE)) | O6: =BA6 -> 0 | P6: =IF(AW6=0,"",VLOOKUP(AW6,skillbasedata!A:B,2,TRUE)) | Q6: =BB6 -> 0 | R6: =IF(AX6=0,"",VLOOKUP(AX6,skillbasedata!A:B,2,TRUE)) | S6: =BC6 -> 0 | T6: =BE6 -> 0 | U6: =BF6 -> 0 | V6: =IF(BG6=0,0,HEX2DEC(BG6)) -> 0 | W6: 0x0C500000 | X6: 1 | Y6: 0 | Z6: 1001 | AA6: 30 | AB6: 0 | AC6: 100 | AD6: 300 | AE6: 2 | AF6: 0 | AG6: 0 | AH6: 1 | AI6: 1 | AJ6: 0 | AK6: 0 | AL6: 0 | AM6: 0 | AN6: 0 | AO6: 0 | AP6: 0 | AQ6: 0 | AR6: 0 | AS6: 0 | AT6: 105 | AU6: 0 | AV6: 0 | AW6: 0 | AX6: 0 | AY6: 1 | AZ6: 0 | BA6: 0 | BB6: 0 | BC6: 0 | BD6: 0x00000000 | BE6: 0 | BF6: 0 | BG6: =MID(W6,7,4) -> 0000
A7: =IF(X7=0,0,HEX2DEC(MID(W7,5,1))) -> 1 | B7: =IF(X7=0,"",VLOOKUP(Y7,seriesName!A:B,2,TRUE)) -> 炎火装束・霸 | C7: =IF(A7=1,VLOOKUP(V7,Head!A:B,2,TRUE),IF(A7=2,VLOOKUP(V7,Chest!A:B,2,TRUE),IF(A7=3,VLOOKUP(V7,Arm!A:B,2,TRUE),IF(A7=4,VLOOKUP(V7,Waist!A:B,2,TRUE),IF(A7=5,VLOOKUP(V7,Leg!A:B,2,TRUE),""))))) -> 炎火装束【头巾】霸 | D7: =IF(X7=1,VLOOKUP(AA7,modelID!A:B,2,FALSE),"") -> pl200 | E7: =IF(X7=0,"",AH7+VLOOKUP(AN7,BuildupTable!L:O,4,FALSE)) -> 68 | F7: =AP7 -> 1 | G7: =AQ7 -> 0 | H7: =AR7 -> 0 | I7: =AS7 -> 0 | J7: =IF(AT7=0,"",VLOOKUP(AT7,skillbasedata!A:B,2,TRUE)) -> 精灵加护 | K7: =AY7 -> 1 | L7: =IF(AU7=0,"",VLOOKUP(AU7,skillbasedata!A:B,2,TRUE)) -> 死里逃生 | M7: =AZ7 -> 1 | N7: =IF(AV7=0,"",VLOOKUP(AV7,skillbasedata!A:B,2,TRUE)) | O7: =BA7 -> 0 | P7: =IF(AW7=0,"",VLOOKUP(AW7,skillbasedata!A:B,2,TRUE)) | Q7: =BB7 -> 0 | R7: =IF(AX7=0,"",VLOOKUP(AX7,skillbasedata!A:B,2,TRUE)) | S7: =BC7 -> 0 | T7: =BE7 -> 0 | U7: =BF7 -> 0 | V7: =IF(BG7=0,0,HEX2DEC(BG7)) -> 1 | W7: 0x0C100001 | X7: 1 | Y7: 1 | Z7: 8001 | AA7: 30 | AB7: 3 | AC7: 4000 | AD7: 12000 | AE7: 2 | AF7: 1 | AG7: 1 | AH7: 30 | AI7: 2 | AJ7: 0 | AK7: 0 | AL7: 0 | AM7: 0 | AN7: 8 | AO7: 0 | AP7: 1 | AQ7: 0 | AR7: 0 | AS7: 0 | AT7: 57 | AU7: 5 | AV7: 0 | AW7: 0 | AX7: 0 | AY7: 1 | AZ7: 1 | BA7: 0 | BB7: 0 | BC7: 0 | BD7: 0x00000000 | BE7: 0 | BF7: 0 | BG7: =MID(W7,7,4) -> 0001
A8: =IF(X8=0,0,HEX2DEC(MID(W8,5,1))) -> 2 | B8: =IF(X8=0,"",VLOOKUP(Y8,seriesName!A:B,2,TRUE)) -> 炎火装束・霸 | C8: =IF(A8=1,VLOOKUP(V8,Head!A:B,2,TRUE),IF(A8=2,VLOOKUP(V8,Chest!A:B,2,TRUE),IF(A8=3,VLOOKUP(V8,Arm!A:B,2,TRUE),IF(A8=4,VLOOKUP(V8,Waist!A:B,2,TRUE),IF(A8=5,VLOOKUP(V8,Leg!A:B,2,TRUE),""))))) -> 炎火装束【上衣】霸 | D8: =IF(X8=1,VLOOKUP(AA8,modelID!A:B,2,FALSE),"") -> pl200 | E8: =IF(X8=0,"",AH8+VLOOKUP(AN8,BuildupTable!L:O,4,FALSE)) -> 68 | F8: =AP8 -> 1 | G8: =AQ8 -> 0 | H8: =AR8 -> 0 | I8: =AS8 -> 0 | J8: =IF(AT8=0,"",VLOOKUP(AT8,skillbasedata!A:B,2,TRUE)) -> 翔虫使 | K8: =AY8 -> 2 | L8: =IF(AU8=0,"",VLOOKUP(AU8,skillbasedata!A:B,2,TRUE)) -> 墙面移动 | M8: =AZ8 -> 1 | N8: =IF(AV8=0,"",VLOOKUP(AV8,skillbasedata!A:B,2,TRUE)) -> 看破 | O8: =BA8 -> 1 | P8: =IF(AW8=0,"",VLOOKUP(AW8,skillbasedata!A:B,2,TRUE)) | Q8: =BB8 -> 0 | R8: =IF(AX8=0,"",VLOOKUP(AX8,skillbasedata!A:B,2,TRUE)) | S8: =BC8 -> 0 | T8: =BE8 -> 0 | U8: =BF8 -> 0 | V8: =IF(BG8=0,0,HEX2DEC(BG8)) -> 1 | W8: 0x0C200001 | X8: 1 | Y8: 1 | Z8: 8001 | AA8: 30 | AB8: 3 | AC8: 4000 | AD8: 12000 | AE8: 2 | AF8: 1 | AG8: 1 | AH8: 30 | AI8: 2 | AJ8: 0 | AK8: 0 | AL8: 0 | AM8: 0 | AN8: 8 | AO8: 0 | AP8: 1 | AQ8: 0 | AR8: 0 | AS8: 0 | AT8: 104 | AU8: 105 | AV8: 6 | AW8: 0 | AX8: 0 | AY8: 2 | AZ8: 1 | BA8: 1 | BB8: 0 | BC8: 0 | BD8: 0x00000000 | BE8: 0 | BF8: 0 | BG8: =MID(W8,7,4) -> 0001
A9: =IF(X9=0,0,HEX2DEC(MID(W9,5,1))) -> 3 | B9: =IF(X9=0,"",VLOOKUP(Y9,seriesName!A:B,2,TRUE)) -> 炎火装束・霸 | C9: =IF(A9=1,VLOOKUP(V9,Head!A:B,2,TRUE),IF(A9=2,VLOOKUP(V9,Chest!A:B,2,TRUE),IF(A9=3,VLOOKUP(V9,Arm!A:B,2,TRUE),IF(A9=4,VLOOKUP(V9,Waist!A:B,2,TRUE),IF(A9=5,VLOOKUP(V9,Leg!A:B,2,TRUE),""))))) -> 炎火装束【手甲】霸 | D9: =IF(X9=1,VLOOKUP(AA9,modelID!A:B,2,FALSE),"") -> pl200 | E9: =IF(X9=0,"",AH9+VLOOKUP(AN9,BuildupTable!L:O,4,FALSE)) -> 68 | F9: =AP9 -> 0 | G9: =AQ9 -> 1 | H9: =AR9 -> 0 | I9: =AS9 -> 0 | J9: =IF(AT9=0,"",VLOOKUP(AT9,skillbasedata!A:B,2,TRUE)) -> 看破 | K9: =AY9 -> 2 | L9: =IF(AU9=0,"",VLOOKUP(AU9,skillbasedata!A:B,2,TRUE)) -> 火场怪力 | M9: =AZ9 -> 1 | N9: =IF(AV9=0,"",VLOOKUP(AV9,skillbasedata!A:B,2,TRUE)) | O9: =BA9 -> 0 | P9: =IF(AW9=0,"",VLOOKUP(AW9,skillbasedata!A:B,2,TRUE)) | Q9: =BB9 -> 0 | R9: =IF(AX9=0,"",VLOOKUP(AX9,skillbasedata!A:B,2,TRUE)) | S9: =BC9 -> 0 | T9: =BE9 -> 0 | U9: =BF9 -> 0 | V9: =IF(BG9=0,0,HEX2DEC(BG9)) -> 1 | W9: 0x0C300001 | X9: 1 | Y9: 1 | Z9: 8001 | AA9: 30 | AB9: 3 | AC9: 4000 | AD9: 12000 | AE9: 2 | AF9: 1 | AG9: 1 | AH9: 30 | AI9: 2 | AJ9: 0 | AK9: 0 | AL9: 0 | AM9: 0 | AN9: 8 | AO9: 0 | AP9: 0 | AQ9: 1 | AR9: 0 | AS9: 0 | AT9: 6 | AU9: 91 | AV9: 0 | AW9: 0 | AX9: 0 | AY9: 2 | AZ9: 1 | BA9: 0 | BB9: 0 | BC9: 0 | BD9: 0x00000000 | BE9: 0 | BF9: 0 | BG9: =MID(W9,7,4) -> 0001
A10: =IF(X10=0,0,HEX2DEC(MID(W10,5,1))) -> 4 | B10: =IF(X10=0,"",VLOOKUP(Y10,seriesName!A:B,2,TRUE)) -> 炎火装束・霸 | C10: =IF(A10=1,VLOOKUP(V10,Head!A:B,2,TRUE),IF(A10=2,VLOOKUP(V10,Chest!A:B,2,TRUE),IF(A10=3,VLOOKUP(V10,Arm!A:B,2,TRUE),IF(A10=4,VLOOKUP(V10,Waist!A:B,2,TRUE),IF(A10=5,VLOOKUP(V10,Leg!A:B,2,TRUE),""))))) -> 炎火装束【腰卷】霸 | D10: =IF(X10=1,VLOOKUP(AA10,modelID!A:B,2,FALSE),"") -> pl200 | E10: =IF(X10=0,"",AH10+VLOOKUP(AN10,BuildupTable!L:O,4,FALSE)) -> 68 | F10: =AP10 -> 2 | G10: =AQ10 -> 0 | H10: =AR10 -> 0 | I10: =AS10 -> 0 | J10: =IF(AT10=0,"",VLOOKUP(AT10,skillbasedata!A:B,2,TRUE)) -> 翔虫使 | K10: =AY10 -> 1 | L10: =IF(AU10=0,"",VLOOKUP(AU10,skillbasedata!A:B,2,TRUE)) -> 看破 | M10: =AZ10 -> 1 | N10: =IF(AV10=0,"",VLOOKUP(AV10,skillbasedata!A:B,2,TRUE)) | O10: =BA10 -> 0 | P10: =IF(AW10=0,"",VLOOKUP(AW10,skillbasedata!A:B,2,TRUE)) | Q10: =BB10 -> 0 | R10: =IF(AX10=0,"",VLOOKUP(AX10,skillbasedata!A:B,2,TRUE)) | S10: =BC10 -> 0 | T10: =BE10 -> 0 | U10: =BF10 -> 0 | V10: =IF(BG10=0,0,HEX2DEC(BG10)) -> 1 | W10: 0x0C400001 | X10: 1 | Y10: 1 | Z10: 8001 | AA10: 30 | AB10: 3 | AC10: 4000 | AD10: 12000 | AE10: 2 | AF10: 1 | AG10: 1 | AH10: 30 | AI10: 2 | AJ10: 0 | AK10: 0 | AL10: 0 | AM10: 0 | AN10: 8 | AO10: 0 | AP10: 2 | AQ10: 0 | AR10: 0 | AS10: 0 | AT10: 104 | AU10: 6 | AV10: 0 | AW10: 0 | AX10: 0 | AY10: 1 | AZ10: 1 | BA10: 0 | BB10: 0 | BC10: 0 | BD10: 0x00000000 | BE10: 0 | BF10: 0 | BG10: =MID(W10,7,4) -> 0001
A11: =IF(X11=0,0,HEX2DEC(MID(W11,5,1))) -> 5 | B11: =IF(X11=0,"",VLOOKUP(Y11,seriesName!A:B,2,TRUE)) -> 炎火装束・霸 | C11: =IF(A11=1,VLOOKUP(V11,Head!A:B,2,TRUE),IF(A11=2,VLOOKUP(V11,Chest!A:B,2,TRUE),IF(A11=3,VLOOKUP(V11,Arm!A:B,2,TRUE),IF(A11=4,VLOOKUP(V11,Waist!A:B,2,TRUE),IF(A11=5,VLOOKUP(V11,Leg!A:B,2,TRUE),""))))) -> 炎火装束【绑腿】霸 | D11: =IF(X11=1,VLOOKUP(AA11,modelID!A:B,2,FALSE),"") -> pl200 | E11: =IF(X11=0,"",AH11+VLOOKUP(AN11,BuildupTable!L:O,4,FALSE)) -> 68 | F11: =AP11 -> 1 | G11: =AQ11 -> 0 | H11: =AR11 -> 0 | I11: =AS11 -> 0 | J11: =IF(AT11=0,"",VLOOKUP(AT11,skillbasedata!A:B,2,TRUE)) -> 墙面移动 | K11: =AY11 -> 2 | L11: =IF(AU11=0,"",VLOOKUP(AU11,skillbasedata!A:B,2,TRUE)) -> 死里逃生 | M11: =AZ11 -> 1 | N11: =IF(AV11=0,"",VLOOKUP(AV11,skillbasedata!A:B,2,TRUE)) | O11: =BA11 -> 0 | P11: =IF(AW11=0,"",VLOOKUP(AW11,skillbasedata!A:B,2,TRUE)) | Q11: =BB11 -> 0 | R11: =IF(AX11=0,"",VLOOKUP(AX11,skillbasedata!A:B,2,TRUE)) | S11: =BC11 -> 0 | T11: =BE11 -> 0 | U11: =BF11 -> 0 | V11: =IF(BG11=0,0,HEX2DEC(BG11)) -> 1 | W11: 0x0C500001 | X11: 1 | Y11: 1 | Z11: 8001 | AA11: 30 | AB11: 3 | AC11: 4000 | AD11: 12000 | AE11: 2 | AF11: 1 | AG11: 1 | AH11: 30 | AI11: 2 | AJ11: 0 | AK11: 0 | AL11: 0 | AM11: 0 | AN11: 8 | AO11: 0 | AP11: 1 | AQ11: 0 | AR11: 0 | AS11: 0 | AT11: 105 | AU11: 5 | AV11: 0 | AW11: 0 | AX11: 0 | AY11: 2 | AZ11: 1 | BA11: 0 | BB11: 0 | BC11: 0 | BD11: 0x00000000 | BE11: 0 | BF11: 0 | BG11: =MID(W11,7,4) -> 0001
A12: =IF(X12=0,0,HEX2DEC(MID(W12,5,1))) -> 1 | B12: =IF(X12=0,"",VLOOKUP(Y12,seriesName!A:B,2,TRUE)) -> 皮制 | C12: =IF(A12=1,VLOOKUP(V12,Head!A:B,2,TRUE),IF(A12=2,VLOOKUP(V12,Chest!A:B,2,TRUE),IF(A12=3,VLOOKUP(V12,Arm!A:B,2,TRUE),IF(A12=4,VLOOKUP(V12,Waist!A:B,2,TRUE),IF(A12=5,VLOOKUP(V12,Leg!A:B,2,TRUE),""))))) -> 皮制头饰 | D12: =IF(X12=1,VLOOKUP(AA12,modelID!A:B,2,FALSE),"") -> pl001 | E12: =IF(X12=0,"",AH12+VLOOKUP(AN12,BuildupTable!L:O,4,FALSE)) -> 67 | F12: =AP12 -> 0 | G12: =AQ12 -> 0 | H12: =AR12 -> 0 | I12: =AS12 -> 0 | J12: =IF(AT12=0,"",VLOOKUP(AT12,skillbasedata!A:B,2,TRUE)) -> 饥饿耐性 | K12: =AY12 -> 1 | L12: =IF(AU12=0,"",VLOOKUP(AU12,skillbasedata!A:B,2,TRUE)) | M12: =AZ12 -> 0 | N12: =IF(AV12=0,"",VLOOKUP(AV12,skillbasedata!A:B,2,TRUE)) | O12: =BA12 -> 0 | P12: =IF(AW12=0,"",VLOOKUP(AW12,skillbasedata!A:B,2,TRUE)) | Q12: =BB12 -> 0 | R12: =IF(AX12=0,"",VLOOKUP(AX12,skillbasedata!A:B,2,TRUE)) | S12: =BC12 -> 0 | T12: =BE12 -> 0 | U12: =BF12 -> 0 | V12: =IF(BG12=0,0,HEX2DEC(BG12)) -> 2 | W12: 0x0C100002 | X12: 1 | Y12: 2 | Z12: 1002 | AA12: 0 | AB12: 0 | AC12: 100 | AD12: 300 | AE12: 2 | AF12: 0 | AG12: 0 | AH12: 1 | AI12: 0 | AJ12: 0 | AK12: 0 | AL12: 0 | AM12: 0 | AN12: 0 | AO12: 0 | AP12: 0 | AQ12: 0 | AR12: 0 | AS12: 0 | AT12: 96 | AU12: 0 | AV12: 0 | AW12: 0 | AX12: 0 | AY12: 1 | AZ12: 0 | BA12: 0 | BB12: 0 | BC12: 0 | BD12: 0x00000000 | BE12: 0 | BF12: 0 | BG12: =MID(W12,7,4) -> 0002
A13: =IF(X13=0,0,HEX2DEC(MID(W13,5,1))) -> 2 | B13: =IF(X13=0,"",VLOOKUP(Y13,seriesName!A:B,2,TRUE)) -> 皮制 | C13: =IF(A13=1,VLOOKUP(V13,Head!A:B,2,TRUE),IF(A13=2,VLOOKUP(V13,Chest!A:B,2,TRUE),IF(A13=3,VLOOKUP(V13,Arm!A:B,2,TRUE),IF(A13=4,VLOOKUP(V13,Waist!A:B,2,TRUE),IF(A13=5,VLOOKUP(V13,Leg!A:B,2,TRUE),""))))) -> 皮制服饰 | D13: =IF(X13=1,VLOOKUP(AA13,modelID!A:B,2,FALSE),"") -> pl001 | E13: =IF(X13=0,"",AH13+VLOOKUP(AN13,BuildupTable!L:O,4,FALSE)) -> 67 | F13: =AP13 -> 0 | G13: =AQ13 -> 0 | H13: =AR13 -> 0 | I13: =AS13 -> 0 | J13: =IF(AT13=0,"",VLOOKUP(AT13,skillbasedata!A:B,2,TRUE)) -> 植生学 | K13: =AY13 -> 1 | L13: =IF(AU13=0,"",VLOOKUP(AU13,skillbasedata!A:B,2,TRUE)) | M13: =AZ13 -> 0 | N13: =IF(AV13=0,"",VLOOKUP(AV13,skillbasedata!A:B,2,TRUE)) | O13: =BA13 -> 0 | P13: =IF(AW13=0,"",VLOOKUP(AW13,skillbasedata!A:B,2,TRUE)) | Q13: =BB13 -> 0 | R13: =IF(AX13=0,"",VLOOKUP(AX13,skillbasedata!A:B,2,TRUE)) | S13: =BC13 -> 0 | T13: =BE13 -> 0 | U13: =BF13 -> 0 | V13: =IF(BG13=0,0,HEX2DEC(BG13)) -> 2 | W13: 0x0C200002 | X13: 1 | Y13: 2 | Z13: 1002 | AA13: 0 | AB13: 0 | AC13: 100 | AD13: 300 | AE13: 2 | AF13: 0 | AG13: 0 | AH13: 1 | AI13: 0 | AJ13: 0 | AK13: 0 | AL13: 0 | AM13: 0 | AN13: 0 | AO13: 0 | AP13: 0 | AQ13: 0 | AR13: 0 | AS13: 0 | AT13: 79 | AU13: 0 | AV13: 0 | AW13: 0 | AX13: 0 | AY13: 1 | AZ13: 0 | BA13: 0 | BB13: 0 | BC13: 0 | BD13: 0x00000000 | BE13: 0 | BF13: 0 | BG13: =MID(W13,7,4) -> 0002
... A1856: =IF(X1856=0,0,HEX2DEC(MID(W1856,5,1))) -> 5 | B1856: =IF(X1856=0,"",VLOOKUP(Y1856,seriesName!A:B,2,TRUE)) -> 原初 | C1856: =IF(A1856=1,VLOOKUP(V1856,Head!A:B,2,TRUE),IF(A1856=2,VLOOKUP(V1856,Chest!A:B,2,TRUE),IF(A1856=3,VLOOKUP(V1856,Arm!A:B,2,TRUE),IF(A1856=4,VLOOKUP(V1856,Waist!A:B,2,TRUE),IF(A1856=5,VLOOKUP(V1856,Leg!A:B,2,TRUE),""))))) -> 原初护腿 | D1856: =IF(X1856=1,VLOOKUP(AA1856,modelID!A:B,2,FALSE),"") -> pl420 | E1856: =IF(X1856=0,"",AH1856+VLOOKUP(AN1856,BuildupTable!L:O,4,FALSE)) -> 181 | F1856: =AP1856 -> 0 | G1856: =AQ1856 -> 0 | H1856: =AR1856 -> 0 | I1856: =AS1856 -> 2 | J1856: =IF(AT1856=0,"",VLOOKUP(AT1856,skillbasedata!A:B,2,TRUE)) -> 气血觉醒 | K1856: =AY1856 -> 1 | L1856: =IF(AU1856=0,"",VLOOKUP(AU1856,skillbasedata!A:B,2,TRUE)) -> 超会心 | M1856: =AZ1856 -> 1 | N1856: =IF(AV1856=0,"",VLOOKUP(AV1856,skillbasedata!A:B,2,TRUE)) -> 破坏王 | O1856: =BA1856 -> 3 | P1856: =IF(AW1856=0,"",VLOOKUP(AW1856,skillbasedata!A:B,2,TRUE)) | Q1856: =BB1856 -> 0 | R1856: =IF(AX1856=0,"",VLOOKUP(AX1856,skillbasedata!A:B,2,TRUE)) | S1856: =BC1856 -> 0 | T1856: =BE1856 -> 6 | U1856: =BF1856 -> 10 | V1856: =IF(BG1856=0,0,HEX2DEC(BG1856)) -> 502 | W1856: 0x0C5001F6 | X1856: 1 | Y1856: 502 | Z1856: 19601 | AA1856: 238 | AB1856: 9 | AC1856: 30000 | AD1856: 0 | AE1856: 2 | AF1856: 1 | AG1856: 1 | AH1856: 125 | AI1856: -2 | AJ1856: 2 | AK1856: -1 | AL1856: 2 | AM1856: -5 | AN1856: 29 | AO1856: 0 | AP1856: 0 | AQ1856: 0 | AR1856: 0 | AS1856: 2 | AT1856: 144 | AU1856: 7 | AV1856: 81 | AW1856: 0 | AX1856: 0 | AY1856: 1 | AZ1856: 1 | BA1856: 3 | BB1856: 0 | BC1856: 0 | BD1856: 0x00000000 | BE1856: 6 | BF1856: 10 | BG1856: =MID(W1856,7,4) -> 01F6

Sheet BuildupTable
A1: TableTypeEnum | B1: TableType | C1: VillageProgress | D1: HallProgress | E1: MRProgress | F1: LimitLv | G1: LvUpRate | H1: UpVal | I1: Cost | J1: MaxCost | L1: type | M1: enum | N1: LimitLv | O1: maxAddDef
A2: Table01 | B2: 0 | C2: 2 | D2: 2 | E2: 0 | F2: 3 | G2: 1 | H2: 2 | I2: 40 | J2: 0 | L2: 0 | M2: Table01 | N2: =_xlfn.MAXIFS(F:F,B:B,L2) -> 34 | O2: =IF(N2>0,(N2-1)*2,0) -> 66
A3: Table01 | B3: 0 | C3: 2 | D3: 2 | E3: 0 | F3: 5 | G3: 2 | H3: 2 | I3: 40 | J3: 0 | L3: 1 | M3: Table01_02 | N3: =_xlfn.MAXIFS(F:F,B:B,L3) -> 30 | O3: =IF(N3>0,(N3-1)*2,0) -> 58
A4: Table01 | B4: 0 | C4: 5 | D4: 3 | E4: 0 | F4: 6 | G4: 2 | H4: 2 | I4: 40 | J4: 0 | L4: 2 | M4: Table02 | N4: =_xlfn.MAXIFS(F:F,B:B,L4) -> 27 | O4: =IF(N4>0,(N4-1)*2,0) -> 52
A5: Table01 | B5: 0 | C5: 5 | D5: 3 | E5: 0 | F5: 9 | G5: 5 | H5: 2 | I5: 40 | J5: 0 | L5: 3 | M5: Table02_02 | N5: =_xlfn.MAXIFS(F:F,B:B,L5) -> 26 | O5: =IF(N5>0,(N5-1)*2,0) -> 50
A6: Table01 | B6: 0 | C6: 6 | D6: 4 | E6: 0 | F6: 11 | G6: 5 | H6: 2 | I6: 40 | J6: 0 | L6: 4 | M6: Table03 | N6: =_xlfn.MAXIFS(F:F,B:B,L6) -> 23 | O6: =IF(N6>0,(N6-1)*2,0) -> 44
A7: Table01 | B7: 0 | C7: 0 | D7: 5 | E7: 0 | F7: 14 | G7: 10 | H7: 2 | I7: 40 | J7: 0 | L7: 5 | M7: Table03_02 | N7: =_xlfn.MAXIFS(F:F,B:B,L7) -> 22 | O7: =IF(N7>0,(N7-1)*2,0) -> 42
A8: Table01 | B8: 0 | C8: 0 | D8: 6 | E8: 0 | F8: 16 | G8: 10 | H8: 2 | I8: 40 | J8: 0 | L8: 6 | M8: Table03_03 | N8: =_xlfn.MAXIFS(F:F,B:B,L8) -> 1 | O8: =IF(N8>0,(N8-1)*2,0) -> 0
A9: Table01 | B9: 0 | C9: 0 | D9: 6 | E9: 0 | F9: 17 | G9: 20 | H9: 2 | I9: 40 | J9: 0 | L9: 7 | M9: Table03_04 | N9: =_xlfn.MAXIFS(F:F,B:B,L9) -> 4 | O9: =IF(N9>0,(N9-1)*2,0) -> 6
A10: Table01 | B10: 0 | C10: 0 | D10: 7 | E10: 0 | F10: 19 | G10: 20 | H10: 2 | I10: 40 | J10: 0 | L10: 8 | M10: Table04 | N10: =_xlfn.MAXIFS(F:F,B:B,L10) -> 20 | O10: =IF(N10>0,(N10-1)*2,0) -> 38
A11: Table01 | B11: 0 | C11: 0 | D11: 8 | E11: 0 | F11: 22 | G11: 20 | H11: 2 | I11: 40 | J11: 0 | L11: 9 | M11: Table04_02 | N11: =_xlfn.MAXIFS(F:F,B:B,L11) -> 16 | O11: =IF(N11>0,(N11-1)*2,0) -> 30
A12: Table01 | B12: 0 | C12: 0 | D12: 9 | E12: 0 | F12: 28 | G12: 20 | H12: 2 | I12: 40 | J12: 0 | L12: 10 | M12: Table05 | N12: =_xlfn.MAXIFS(F:F,B:B,L12) -> 16 | O12: =IF(N12>0,(N12-1)*2,0) -> 30
A13: Table01 | B13: 0 | C13: 0 | D13: 9 | E13: 0 | F13: 34 | G13: 40 | H13: 2 | I13: 40 | J13: 0 | L13: 11 | M13: Table05_02 | N13: =_xlfn.MAXIFS(F:F,B:B,L13) -> 11 | O13: =IF(N13>0,(N13-1)*2,0) -> 20
... A34: Table02 | B34: 2 | C34: 0 | D34: 9 | E34: 0 | F34: 22 | G34: 20 | H34: 2 | I34: 80 | J34: 0 | L34: 32 | M34: Table07_06 | N34: =_xlfn.MAXIFS(F:F,B:B,L34) -> 4 | O34: =IF(N34>0,(N34-1)*2,0) -> 6
A35: Table02 | B35: 2 | C35: 0 | D35: 9 | E35: 0 | F35: 27 | G35: 40 | H35: 2 | I35: 80 | J35: 0
A36: Table02_02 | B36: 3 | C36: 5 | D36: 3 | E36: 0 | F36: 2 | G36: 5 | H36: 2 | I36: 100 | J36: 0
A37: Table02_02 | B37: 3 | C37: 5 | D37: 3 | E37: 0 | F37: 5 | G37: 10 | H37: 2 | I37: 100 | J37: 0
A38: Table02_02 | B38: 3 | C38: 6 | D38: 4 | E38: 0 | F38: 7 | G38: 10 | H38: 2 | I38: 100 | J38: 0
A39: Table02_02 | B39: 3 | C39: 0 | D39: 5 | E39: 0 | F39: 8 | G39: 20 | H39: 2 | I39: 100 | J39: 0
A40: Table02_02 | B40: 3 | C40: 0 | D40: 6 | E40: 0 | F40: 10 | G40: 20 | H40: 2 | I40: 100 | J40: 0
A41: Table02_02 | B41: 3 | C41: 0 | D41: 7 | E41: 0 | F41: 12 | G41: 20 | H41: 2 | I41: 100 | J41: 0
A42: Table02_02 | B42: 3 | C42: 0 | D42: 8 | E42: 0 | F42: 14 | G42: 20 | H42: 2 | I42: 100 | J42: 0
A43: Table02_02 | B43: 3 | C43: 0 | D43: 9 | E43: 0 | F43: 19 | G43: 20 | H43: 2 | I43: 100 | J43: 0
A44: Table02_02 | B44: 3 | C44: 0 | D44: 9 | E44: 0 | F44: 26 | G44: 40 | H44: 2 | I44: 100 | J44: 0
A45: Table03 | B45: 4 | C45: 6 | D45: 4 | E45: 0 | F45: 4 | G45: 10 | H45: 2 | I45: 200 | J45: 0
A46: Table03 | B46: 4 | C46: 6 | D46: 4 | E46: 0 | F46: 5 | G46: 20 | H46: 2 | I46: 200 | J46: 0
... A184: Table10 | B184: 32 | C184: 0 | D184: 7 | E184: 0 | F184: 4 | G184: 20 | H184: 2 | I184: 300 | J184: 0

Sheet skillbasedata
A1: ID | B1: LookUpName | C1: MaxLevel | D1: IconColor | E1: _CategoryId_1 | F1: _CategoryId_2 | G1: _CategoryId_3 | J1: 描述
A2: 0 | H2: Pl_EquipSkill_None
A3: 1 | B3: 攻击 | C3: 7 | D3: 7 | E3: 3 | F3: 0 | G3: 0 | H3: Pl_EquipSkill_000
A4: 2 | B4: 挑战者 | C4: 5 | D4: 7 | E4: 3 | F4: 4 | G4: 0 | H4: Pl_EquipSkill_001
A5: 3 | B5: 无伤 | C5: 3 | D5: 7 | E5: 3 | F5: 0 | G5: 0 | H5: Pl_EquipSkill_002
A6: 4 | B6: 怨恨 | C6: 5 | D6: 6 | E6: 3 | F6: 0 | G6: 0 | H6: Pl_EquipSkill_003
A7: 5 | B7: 死里逃生 | C7: 3 | D7: 6 | E7: 3 | F7: 0 | G7: 0 | H7: Pl_EquipSkill_004
A8: 6 | B8: 看破 | C8: 7 | D8: 3 | E8: 4 | F8: 0 | G8: 0 | H8: Pl_EquipSkill_005
A9: 7 | B9: 超会心 | C9: 3 | D9: 3 | E9: 4 | F9: 0 | G9: 0 | H9: Pl_EquipSkill_006
A10: 8 | B10: 弱点特效 | C10: 3 | D10: 3 | E10: 4 | F10: 0 | G10: 0 | H10: Pl_EquipSkill_007
A11: 9 | B11: 力量解放 | C11: 5 | D11: 3 | E11: 4 | F11: 7 | G11: 0 | H11: Pl_EquipSkill_008
A12: 10 | B12: 精神抖擞 | C12: 3 | D12: 3 | E12: 4 | F12: 0 | G12: 0 | H12: Pl_EquipSkill_009
A13: 11 | B13: 会心击【属性】 | C13: 3 | D13: 10 | E13: 5 | F13: 0 | G13: 0 | H13: Pl_EquipSkill_010
A14: 12 | B14: 达人艺 | C14: 3 | D14: 1 | E14: 1 | F14: 0 | G14: 0 | H14: Pl_EquipSkill_011
... A149: 147 | B149: 激励 | C149: 1 | D149: 1 | E149: 15 | F149: 3 | G149: 0 | H149: Pl_EquipSkill_235

Sheet seriesName
A1: 0 | B1: 炎火装束
A2: 1 | B2: 炎火装束・霸
A3: 2 | B3: 皮制
A4: 3 | B4: 皮制S
A5: 4 | B5: 锁甲
A6: 5 | B6: 锁甲S
A7: 6 | B7: 猎人
A8: 7 | B8: 猎人S
A9: 8 | B9: 杜宾
A10: 9 | B10: 合金
A11: 10 | B11: 合金S
A12: 11 | B12: 铸铁
... A472: 471 | B472: <COLOR FF0000>#Rejected#</COLOR> ArmorSeries_Hunter_471
A473: 472
A474: 473
A475: 474
A476: 475
A477: 476
A478: 477
A479: 478
A480: 479
A481: 480
A482: 481 | B482: 啮生虫王冠
A483: 482 | B483: 蒸汽贵族
A484: 483 | B484: 海豚王冠
A485: 484 | B485: 探明的单片眼镜
A486: 485 | B486: 机械
A487: 486 | B487: 黑翼耳饰
A488: 487 | B488: 牙猎面具
A489: 488 | B489: 白色福木兔耳套
A490: 489 | B490: 红血耳饰
A491: 490 | B491: 黑暗之眼
A492: 491 | B492: 水行・醒
A493: 492 | B493: 脉动钢龙
... A513: 512 | B513: 系列512

Sheet Head
A1: 0 | B1: 炎火装束【头巾】
A2: 1 | B2: 炎火装束【头巾】霸
A3: 2 | B3: 皮制头饰
A4: 3 | B4: 皮制S头饰
A5: 4 | B5: 锁甲头饰
A6: 5 | B6: 锁甲S头饰
A7: 6 | B7: 猎人头盔
A8: 7 | B8: 猎人S头盔
A9: 8 | B9: 杜宾头盔
A10: 9 | B10: 合金头盔
A11: 10 | B11: 合金S头盔
A12: 11 | B12: 铸铁头盔
... A79: 78 | B79: 硬甲龙S头盔
A80: 79
A81: 80
A82: 81 | B82: 飞甲虫礼帽
A83: 82 | B83: 飞甲虫S礼帽
A84: 83 | B84: 野猪伪装
A85: 84 | B85: 野猪S伪装
A86: 85 | B86: 翼蛇龙头饰
A87: 86 | B87: 翼蛇龙S头饰
A88: 87
A89: 88
A90: 89
A91: 90
A92: 91 | B92: 毒狗龙头盔
A93: 92 | B93: 毒狗龙S头盔
A94: 93 | B94: 眠狗龙头盔
A95: 94 | B95: 眠狗龙S头盔
A96: 95 | B96: 青熊兽头盔
A97: 96 | B97: 青熊兽S头盔
A98: 97 | B98: 赤甲兽头盔
A99: 98 | B99: 赤甲兽S头盔
A100: 99 | B100: 水兽头盔
A101: 100 | B101: 水兽S头盔
A102: 101 | B102: 土砂龙头盔
A103: 102 | B103: 土砂龙S头盔
... A133: 132 | B133: 爆鳞龙头盔
A134: 133
A135: 134 | B135: 骷髅头饰
A136: 135 | B136: 炎之封眼
A137: 136
A138: 137 | B138: 墨镜
A139: 138 | B139: 狗龙伪装
A140: 139 | B140: 狗龙S伪装
A141: 140 | B141: 知略眼镜
A142: 141 | B142: 强弓羽饰
A143: 142 | B143: 祸铠【武士盔】
A144: 143 | B144: 祸铠・霸【武士盔】
A145: 144 | B145: 白兔兽头盔
A146: 145 | B146: 白兔兽S头盔
A147: 146 | B147: 骨制头盔
A148: 147 | B148: 骨制S头盔
A149: 148 | B149: 泡狐龙头盔
... A161: 160 | B161: A_Head_002_Name_Nouse
A162: 161
A163: 162
A164: 163 | B164: 牙猎犬伪装
A165: 164 | B165: 骑士头盔
A166: 165 | B166: 染花【面具】
A167: 166 | B167: 豪鬼面罩
A168: 167 | B168: A_Head_003_Name_Nouse
A169: 168 | B169: 苍世武士【艳发】
A170: 169 | B170: 艾露猫耳朵
A171: 170
A172: 171 | B172: 亚瑟头盔
A173: 172 | B173: 公会十字头饰
A174: 173 | B174: 狸兽伪装
A175: 174 | B175: 潜水员面具
A176: 175 | B176: 华丽耳饰
A177: 176 | B177: 鬼火鸟耳饰
A178: 177 | B178: 犬猫耳饰
A179: 178 | B179: 兔团子耳饰
A180: 179 | B180: 苦无耳饰
A181: 180 | B181: 猎户星头饰
A182: 181 | B182: 敬爱围巾
A183: 182 | B183: 蝴蝶结项链
... A191: 190 | B191: 黑带头盔
A192: 191
A193: 192 | B193: 索尼克帽
A194: 193 | B194: 头193
A195: 194 | B195: 头194
A196: 195 | B196: 头195
A197: 196 | B197: 头196
A198: 197 | B198: 头197
A199: 198 | B199: 头198
A200: 199 | B200: 头199
A201: 200 | B201: 头200
A202: 201 | B202: 头201
A203: 202 | B203: 头202
A204: 203 | B204: 头203
... A472: 471 | B472: <COLOR FF0000>#Rejected#</COLOR> A_Head_471_Name
A473: 472
A474: 473
A475: 474
A476: 475
A477: 476
A478: 477
A479: 478
A480: 479
...

Sheet Chest
A1: 0 | B1: 炎火装束【上衣】
A2: 1 | B2: 炎火装束【上衣】霸
A3: 2 | B3: 皮制服饰
A4: 3 | B4: 皮制S服饰
A5: 4 | B5: 锁甲服饰
A6: 5 | B6: 锁甲S服饰
A7: 6 | B7: 猎人铠甲
A8: 7 | B8: 猎人S铠甲
A9: 8 | B9: 杜宾铠甲
A10: 9 | B10: 合金铠甲
A11: 10 | B11: 合金S铠甲
A12: 11 | B12: 铸铁铠甲
... A73: 72 | B73: 帝王铠甲
A74: 73
A75: 74
A76: 75 | B76: 垂皮龙披风
A77: 76 | B77: 垂皮龙S披风
A78: 77 | B78: 硬甲龙铠甲
A79: 78 | B79: 硬甲龙S铠甲
A80: 79
A81: 80
A82: 81 | B82: 飞甲虫服装
A83: 82 | B83: 飞甲虫S服装
A84: 83
A85: 84
A86: 85 | B86: 翼蛇龙套装衣装
A87: 86 | B87: 翼蛇龙套装S衣装
A88: 87 | B88: 水生兽铠甲
A89: 88 | B89: 水生兽S铠甲
A90: 89 | B90: 熔岩兽铠甲
A91: 90 | B91: 熔岩兽S铠甲
A92: 91 | B92: 毒狗龙铠甲
A93: 92 | B93: 毒狗龙S铠甲
A94: 93 | B94: 眠狗龙铠甲
A95: 94 | B95: 眠狗龙S铠甲
A96: 95 | B96: 青熊兽铠甲
A97: 96 | B97: 青熊兽S铠甲
... A133: 132 | B133: 爆鳞龙铠甲
A134: 133
A135: 134
A136: 135
A137: 136
A138: 137
A139: 138
A140: 139
A141: 140
A142: 141
A143: 142 | B143: 祸铠【胸甲】
A144: 143 | B144: 祸铠・霸【胸甲】
A145: 144 | B145: 白兔兽铠甲
A146: 145 | B146: 白兔兽S铠甲
A147: 146 | B147: 骨制铠甲
A148: 147 | B148: 骨制S铠甲
A149: 148 | B149: 泡狐龙铠甲
A150: 149 | B150: 泡狐龙S铠甲
A151: 150 | B151: 旅团战衣
A152: 151
A153: 152
A154: 153 | B154: 旅团S战衣
A155: 154 | B155: 炎火武士【上衣】
A156: 155 | B156: 祸铠封具【上衣】
A157: 156 | B157: A_Chest_001_Name_Nouse
A158: 157
A159: 158
A160: 159
A161: 160 | B161: A_Chest_002_Name_Nouse
A162: 161 | B162: 飞燕衬衫
A163: 162
A164: 163
A165: 164 | B165: 骑士铠甲
A166: 165 | B166: 染花【浴衣】
A167: 166 | B167: 豪鬼身体
A168: 167 | B168: A_Chest_003_Name_Nouse
A169: 168 | B169: 苍世武士【羽织】
A170: 169
A171: 170
A172: 171 | B172: 亚瑟铠甲
A173: 172 | B173: 公会十字战衣
A174: 173
A175: 174 | B175: 潜水员服装
A176: 175
A177: 176
A178: 177
A179: 178
A180: 179
A181: 180 | B181: 猎户星服饰
A182: 181
A183: 182
A184: 183
A185: 184
A186: 185
A187: 186 | B187: 原型铠甲
A188: 187
A189: 188 | B189: 盛装战衣
A190: 189 | B190: 盛开服饰
A191: 190 | B191: 黑带铠甲
A192: 191 | B192: 炎火外套【上衣】
A193: 192 | B193: 索尼克运动衫
A194: 193 | B194: 胸193
A195: 194 | B195: 胸194
...

Sheet Arm
A1: 0 | B1: 炎火装束【手甲】
A2: 1 | B2: 炎火装束【手甲】霸
A3: 2 | B3: 皮制手套
A4: 3 | B4: 皮制S手套
A5: 4 | B5: 锁甲手套
A6: 5 | B6: 锁甲S手套
A7: 6 | B7: 猎人腕甲
A8: 7 | B8: 猎人S腕甲
A9: 8 | B9: 杜宾腕甲
A10: 9 | B10: 合金腕甲
A11: 10 | B11: 合金S腕甲
A12: 11 | B12: 铸铁腕甲
... A30: 29 | B30: 海境S腕甲
A31: 30
A32: 31
A33: 32 | B33: 雪绒花枝叶
A34: 33 | B34: 雪绒花S枝叶
A35: 34 | B35: 毒蝎护袖
A36: 35 | B36: 毒蝎S护袖
A37: 36 | B37: 毒蛛护袖
A38: 37 | B38: 毒蛛S护袖
A39: 38 | B39: 倪泰表【手甲】
A40: 39 | B40: 倪泰表【手甲】霸
A41: 40 | B41: 神凪【花袖】
A42: 41 | B42: 神凪・愿【花袖】
A43: 42 | B43: 倪泰里【手甲】
A44: 43 | B44: 倪泰里【手甲】霸
... A73: 72 | B73: 帝王腕甲
A74: 73
A75: 74
A76: 75
A77: 76
A78: 77 | B78: 硬甲龙腕甲
A79: 78 | B79: 硬甲龙S腕甲
A80: 79 | B80: 狗龙皮臂甲
A81: 80 | B81: 狗龙皮臂甲S
A82: 81 | B82: 飞甲虫护手
A83: 82 | B83: 飞甲虫S护手
A84: 83
A85: 84
A86: 85 | B86: 翼蛇龙套装手套
A87: 86 | B87: 翼蛇龙套装S手套
A88: 87
A89: 88
A90: 89
A91: 90
A92: 91 | B92: 毒狗龙腕甲
A93: 92 | B93: 毒狗龙S腕甲
A94: 93 | B94: 眠狗龙腕甲
A95: 94 | B95: 眠狗龙S腕甲
A96: 95 | B96: 青熊兽腕甲
A97: 96 | B97: 青熊兽S腕甲
A98: 97 | B98: 赤甲兽腕甲
A99: 98 | B99: 赤甲兽S腕甲
A100: 99 | B100: 水兽腕甲
A101: 100 | B101: 水兽S腕甲
A102: 101 | B102: 土砂龙腕甲
A103: 102 | B103: 土砂龙S腕甲
... A133: 132 | B133: 爆鳞龙腕甲
A134: 133
A135: 134
A136: 135
A137: 136
A138: 137
A139: 138
A140: 139
A141: 140
A142: 141
A143: 142 | B143: 祸铠【臂甲】
A144: 143 | B144: 祸铠・霸【臂甲】
A145: 144 | B145: 白兔兽腕甲
A146: 145 | B146: 白兔兽S腕甲
A147: 146 | B147: 骨制腕甲
A148: 147 | B148: 骨制S腕甲
A149: 148 | B149: 泡狐龙腕甲
A150: 149 | B150: 泡狐龙S腕甲
A151: 150 | B151: 旅团腕甲
A152: 151
A153: 152
A154: 153 | B154: 旅团S腕甲
A155: 154 | B155: 炎火武士【手甲】
A156: 155 | B156: 祸铠封具【手甲】
A157: 156 | B157: A_Arm_001_Name_Nouse
A158: 157
A159: 158
A160: 159
A161: 160 | B161: A_Arm_002_Name_Nouse
A162: 161 | B162: 飞燕腕甲
A163: 162
A164: 163
A165: 164 | B165: 骑士腕甲
A166: 165 | B166: 染花【袖子】
A167: 166 | B167: 豪鬼腕部
A168: 167 | B168: A_Arm_003_Name_Nouse
A169: 168 | B169: 苍世武士【袖】
A170: 169
A171: 170
A172: 171 | B172: 亚瑟腕甲
A173: 172 | B173: 公会十字腕甲
A174: 173
...

Sheet Waist
A1: 0 | B1: 炎火装束【腰卷】
A2: 1 | B2: 炎火装束【腰卷】霸
A3: 2 | B3: 皮制腰带
A4: 3 | B4: 皮制S腰带
A5: 4 | B5: 锁甲腰带
A6: 5 | B6: 锁甲S腰带
A7: 6 | B7: 猎人腰甲
A8: 7 | B8: 猎人S腰甲
A9: 8 | B9: 杜宾腰甲
A10: 9 | B10: 合金腰甲
A11: 10 | B11: 合金S腰甲
A12: 11 | B12: 铸铁腰甲
... A30: 29 | B30: 海境S腰甲
A31: 30
A32: 31
A33: 32 | B33: 雪绒花叶片
A34: 33 | B34: 雪绒花S叶片
A35: 34 | B35: 毒蝎护腰具
A36: 35 | B36: 毒蝎S护腰具
A37: 36 | B37: 毒蛛护腰具
A38: 37 | B38: 毒蛛S护腰具
A39: 38 | B39: 倪泰表【腰卷】
A40: 39 | B40: 倪泰表【腰卷】霸
A41: 40 | B41: 神凪【腰卷】
A42: 41 | B42: 神凪・愿【腰卷】
A43: 42 | B43: 倪泰里【腰卷】
A44: 43 | B44: 倪泰里【腰卷】霸
... A73: 72 | B73: 帝王腰甲
A74: 73
A75: 74
A76: 75
A77: 76
A78: 77 | B78: 硬甲龙腰甲
A79: 78 | B79: 硬甲龙S腰甲
A80: 79
A81: 80
A82: 81 | B82: 飞甲虫腰甲
A83: 82 | B83: 飞甲虫S腰甲
A84: 83
A85: 84
A86: 85 | B86: 翼蛇龙套装腰带
A87: 86 | B87: 翼蛇龙套装S腰带
A88: 87 | B88: 水生兽腰甲
A89: 88 | B89: 水生兽S腰甲
A90: 89 | B90: 熔岩兽腰甲
A91: 90 | B91: 熔岩兽S腰甲
A92: 91 | B92: 毒狗龙腰甲
A93: 92 | B93: 毒狗龙S腰甲
A94: 93 | B94: 眠狗龙腰甲
A95: 94 | B95: 眠狗龙S腰甲
A96: 95 | B96: 青熊兽腰甲
A97: 96 | B97: 青熊兽S腰甲
... A134: 133 | B134: 铬合金腰甲
A135: 134
A136: 135
A137: 136
A138: 137
A139: 138
A140: 139
A141: 140
A142: 141
A143: 142 | B143: 祸铠【腰具】
A144: 143 | B144: 祸铠・霸【腰具】
A145: 144 | B145: 白兔兽腰甲
A146: 145 | B146: 白兔兽S腰甲
A147: 146 | B147: 骨制腰甲
A148: 147 | B148: 骨制S腰甲
A149: 148 | B149: 泡狐龙腰甲
A150: 149 | B150: 泡狐龙S腰甲
A151: 150 | B151: 旅团腰甲
A152: 151
A153: 152
A154: 153 | B154: 旅团S腰甲
A155: 154 | B155: 炎火武士【腰卷】
A156: 155 | B156: 祸铠封具【腰卷】
A157: 156 | B157: A_Waist_001_Name_Nouse
A158: 157
A159: 158
A160: 159
A161: 160 | B161: A_Waist_002_Name_Nouse
A162: 161
A163: 162 | B163: 艾露猫尾巴
A164: 163
A165: 164 | B165: 骑士腰甲
A166: 165
A167: 166 | B167: 豪鬼腰部
A168: 167 | B168: A_Waist_003_Name_Nouse
A169: 168 | B169: 苍世武士【带】
A170: 169
A171: 170 | B171: 牙猎犬尾巴
A172: 171 | B172: 亚瑟腰甲
A173: 172 | B173: 公会十字腰甲
A174: 173
A175: 174 | B175: 潜水员皮带
A176: 175
A177: 176
A178: 177
A179: 178
A180: 179
A181: 180 | B181: 猎户星护腰
...

Sheet Leg
A1: 0 | B1: 炎火装束【绑腿】
A2: 1 | B2: 炎火装束【绑腿】霸
A3: 2 | B3: 皮制长裤
A4: 3 | B4: 皮制S长裤
A5: 4 | B5: 锁甲长裤
A6: 5 | B6: 锁甲S长裤
A7: 6 | B7: 猎人护腿
A8: 7 | B8: 猎人S护腿
A9: 8 | B9: 杜宾护腿
A10: 9 | B10: 合金护腿
A11: 10 | B11: 合金S护腿
A12: 11 | B12: 铸铁护腿
... A30: 29 | B30: 海境S护腿
A31: 30
A32: 31
A33: 32 | B33: 雪绒花扎根
A34: 33 | B34: 雪绒花S扎根
A35: 34 | B35: 毒蝎脚
A36: 35 | B36: 毒蝎S脚
A37: 36 | B37: 毒蛛脚
A38: 37 | B38: 毒蛛S脚
A39: 38 | B39: 倪泰表【绑腿】
A40: 39 | B40: 倪泰表【绑腿】霸
A41: 40 | B41: 神凪【绯袴】
A42: 41 | B42: 神凪・愿【绯袴】
A43: 42 | B43: 倪泰里【绑腿】
A44: 43 | B44: 倪泰里【绑腿】霸
... A73: 72 | B73: 帝王护腿
A74: 73
A75: 74
A76: 75
A77: 76
A78: 77 | B78: 硬甲龙护腿
A79: 78 | B79: 硬甲龙S护腿
A80: 79 | B80: 狗龙皮护腿
A81: 80 | B81: 狗龙皮护腿S
A82: 81 | B82: 飞甲虫靴
A83: 82 | B83: 飞甲虫S靴
A84: 83
A85: 84
A86: 85 | B86: 翼蛇龙套装鞋子
A87: 86 | B87: 翼蛇龙套装S鞋子
A88: 87 | B88: 水生兽护腿
A89: 88 | B89: 水生兽S护腿
A90: 89
A91: 90
A92: 91 | B92: 毒狗龙护腿
A93: 92 | B93: 毒狗龙S护腿
A94: 93 | B94: 眠狗龙护腿
A95: 94 | B95: 眠狗龙S护腿
A96: 95 | B96: 青熊兽护腿
A97: 96 | B97: 青熊兽S护腿
A98: 97 | B98: 赤甲兽护腿
A99: 98 | B99: 赤甲兽S护腿
A100: 99 | B100: 水兽护腿
A101: 100 | B101: 水兽S护腿
A102: 101 | B102: 土砂龙护腿
A103: 102 | B103: 土砂龙S护腿
... A134: 133 | B134: 铬合金靴
A135: 134
A136: 135
A137: 136 | B137: 黑色皮裤
A138: 137
A139: 138
A140: 139
A141: 140
A142: 141
A143: 142 | B143: 祸铠【腿甲】
A144: 143 | B144: 祸铠・霸【腿甲】
A145: 144 | B145: 白兔兽护腿
A146: 145 | B146: 白兔兽S护腿
A147: 146 | B147: 骨制护腿
A148: 147 | B148: 骨制S护腿
A149: 148 | B149: 泡狐龙护腿
A150: 149 | B150: 泡狐龙S护腿
A151: 150 | B151: 旅团靴
A152: 151
A153: 152
A154: 153 | B154: 旅团S靴
A155: 154 | B155: 炎火武士【绑腿】
A156: 155 | B156: 祸铠封具【绑腿】
A157: 156 | B157: A_Leg_001_Name_Nouse
A158: 157
A159: 158
A160: 159
A161: 160 | B161: A_Leg_002_Name_Nouse
A162: 161 | B162: 飞燕靴
A163: 162
A164: 163
A165: 164 | B165: 骑士护腿
A166: 165 | B166: 染花【草屐】
A167: 166 | B167: 豪鬼脚部
A168: 167 | B168: A_Leg_003_Name_Nouse
A169: 168 | B169: 苍世武士【足履】
A170: 169
A171: 170
A172: 171 | B172: 亚瑟护腿
A173: 172 | B173: 公会十字靴
A174: 173
A175: 174 | B175: 潜水员靴
...

Sheet modelID
A1: 0 | B1: pl001
A2: 1 | B2: pl002
A3: 2 | B3: pl003
A4: 3 | B4: pl004
A5: 4 | B5: pl009
A6: 5 | B6: pl010
A7: 6 | B7: pl011
A8: 7 | B8: pl012
A9: 8 | B9: pl013
A10: 9 | B10: pl014
A11: 10 | B11: pl020
A12: 11 | B12: pl021
... A267: 266 | B267: Error

Sheet armorBaseData(Raw)
A1: lookup_Series | B1: SkillLookUp[0] | C1: SkillLookUp[[1] | D1: SkillLookUp[[2] | E1: SkillLookUp[[3] | F1: SkillLookUp[[4] | G1: Id | H1: IsValid | I1: Series | J1: SortId | K1: ModelId | L1: Rare | M1: Value | N1: BuyValue | O1: SexualEquipable | P1: SymbolColor1 | Q1: SymbolColor2 | R1: DefVal | S1: FireRegVal | T1: WaterRegVal | U1: IceRegVal | V1: ThunderRegVal | W1: DragonRegVal | X1: BuildupTable | Y1: BuffFormula | Z1: DecorationsNumList[0] | AA1: DecorationsNumList[1] | AB1: DecorationsNumList[2] | AC1: SkillList[0] | AD1: SkillList[1] | AE1: SkillList[2] | AF1: SkillList[3] | AG1: SkillList[4] | AH1: SkillLvList[0] | AI1: SkillLvList[1] | AJ1: SkillLvList[2] | AK1: SkillLvList[3] | AL1: SkillLvList[4] | AM1: IdAfterExChange
A2: =IF(H2=0,"",VLOOKUP(I2,seriesName!A:B,2,TRUE)) -> 炎火装束 | B2: =IF(AC2=0,"",VLOOKUP(AC2,skillbasedata!A:B,2,TRUE)) -> 精灵加护 | C2: =IF(AD2=0,"",VLOOKUP(AD2,skillbasedata!A:B,2,TRUE)) | D2: =IF(AE2=0,"",VLOOKUP(AE2,skillbasedata!A:B,2,TRUE)) | E2: =IF(AF2=0,"",VLOOKUP(AF2,skillbasedata!A:B,2,TRUE)) | F2: =IF(AG2=0,"",VLOOKUP(AG2,skillbasedata!A:B,2,TRUE)) | G2: 0x0C100000 | H2: 1 | I2: 0 | J2: 1001 | K2: 30 | L2: 0 | M2: 100 | N2: 300 | O2: 2 | P2: 0 | Q2: 0 | R2: 1 | S2: 1 | T2: 0 | U2: 0 | V2: 0 | W2: 0 | X2: 0 | Y2: 0 | Z2: 0 | AA2: 0 | AB2: 0 | AC2: 57 | AD2: 0 | AE2: 0 | AF2: 0 | AG2: 0 | AH2: 1 | AI2: 0 | AJ2: 0 | AK2: 0 | AL2: 0 | AM2: 0x00000000
A3: =IF(H3=0,"",VLOOKUP(I3,seriesName!A:B,2,TRUE)) -> 炎火装束 | B3: =IF(AC3=0,"",VLOOKUP(AC3,skillbasedata!A:B,2,TRUE)) -> 翔虫使 | C3: =IF(AD3=0,"",VLOOKUP(AD3,skillbasedata!A:B,2,TRUE)) | D3: =IF(AE3=0,"",VLOOKUP(AE3,skillbasedata!A:B,2,TRUE)) | E3: =IF(AF3=0,"",VLOOKUP(AF3,skillbasedata!A:B,2,TRUE)) | F3: =IF(AG3=0,"",VLOOKUP(AG3,skillbasedata!A:B,2,TRUE)) | G3: 0x0C200000 | H3: 1 | I3: 0 | J3: 1001 | K3: 30 | L3: 0 | M3: 100 | N3: 300 | O3: 2 | P3: 0 | Q3: 0 | R3: 1 | S3: 1 | T3: 0 | U3: 0 | V3: 0 | W3: 0 | X3: 0 | Y3: 0 | Z3: 0 | AA3: 0 | AB3: 0 | AC3: 104 | AD3: 0 | AE3: 0 | AF3: 0 | AG3: 0 | AH3: 1 | AI3: 0 | AJ3: 0 | AK3: 0 | AL3: 0 | AM3: 0x00000000
A4: =IF(H4=0,"",VLOOKUP(I4,seriesName!A:B,2,TRUE)) -> 炎火装束 | B4: =IF(AC4=0,"",VLOOKUP(AC4,skillbasedata!A:B,2,TRUE)) -> 火场怪力 | C4: =IF(AD4=0,"",VLOOKUP(AD4,skillbasedata!A:B,2,TRUE)) | D4: =IF(AE4=0,"",VLOOKUP(AE4,skillbasedata!A:B,2,TRUE)) | E4: =IF(AF4=0,"",VLOOKUP(AF4,skillbasedata!A:B,2,TRUE)) | F4: =IF(AG4=0,"",VLOOKUP(AG4,skillbasedata!A:B,2,TRUE)) | G4: 0x0C300000 | H4: 1 | I4: 0 | J4: 1001 | K4: 30 | L4: 0 | M4: 100 | N4: 300 | O4: 2 | P4: 0 | Q4: 0 | R4: 1 | S4: 1 | T4: 0 | U4: 0 | V4: 0 | W4: 0 | X4: 0 | Y4: 0 | Z4: 0 | AA4: 0 | AB4: 0 | AC4: 91 | AD4: 0 | AE4: 0 | AF4: 0 | AG4: 0 | AH4: 1 | AI4: 0 | AJ4: 0 | AK4: 0 | AL4: 0 | AM4: 0x00000000
A5: =IF(H5=0,"",VLOOKUP(I5,seriesName!A:B,2,TRUE)) -> 炎火装束 | B5: =IF(AC5=0,"",VLOOKUP(AC5,skillbasedata!A:B,2,TRUE)) -> 看破 | C5: =IF(AD5=0,"",VLOOKUP(AD5,skillbasedata!A:B,2,TRUE)) | D5: =IF(AE5=0,"",VLOOKUP(AE5,skillbasedata!A:B,2,TRUE)) | E5: =IF(AF5=0,"",VLOOKUP(AF5,skillbasedata!A:B,2,TRUE)) | F5: =IF(AG5=0,"",VLOOKUP(AG5,skillbasedata!A:B,2,TRUE)) | G5: 0x0C400000 | H5: 1 | I5: 0 | J5: 1001 | K5: 30 | L5: 0 | M5: 100 | N5: 300 | O5: 2 | P5: 0 | Q5: 0 | R5: 1 | S5: 1 | T5: 0 | U5: 0 | V5: 0 | W5: 0 | X5: 0 | Y5: 0 | Z5: 0 | AA5: 0 | AB5: 0 | AC5: 6 | AD5: 0 | AE5: 0 | AF5: 0 | AG5: 0 | AH5: 1 | AI5: 0 | AJ5: 0 | AK5: 0 | AL5: 0 | AM5: 0x00000000
A6: =IF(H6=0,"",VLOOKUP(I6,seriesName!A:B,2,TRUE)) -> 炎火装束 | B6: =IF(AC6=0,"",VLOOKUP(AC6,skillbasedata!A:B,2,TRUE)) -> 墙面移动 | C6: =IF(AD6=0,"",VLOOKUP(AD6,skillbasedata!A:B,2,TRUE)) | D6: =IF(AE6=0,"",VLOOKUP(AE6,skillbasedata!A:B,2,TRUE)) | E6: =IF(AF6=0,"",VLOOKUP(AF6,skillbasedata!A:B,2,TRUE)) | F6: =IF(AG6=0,"",VLOOKUP(AG6,skillbasedata!A:B,2,TRUE)) | G6: 0x0C500000 | H6: 1 | I6: 0 | J6: 1001 | K6: 30 | L6: 0 | M6: 100 | N6: 300 | O6: 2 | P6: 0 | Q6: 0 | R6: 1 | S6: 1 | T6: 0 | U6: 0 | V6: 0 | W6: 0 | X6: 0 | Y6: 0 | Z6: 0 | AA6: 0 | AB6: 0 | AC6: 105 | AD6: 0 | AE6: 0 | AF6: 0 | AG6: 0 | AH6: 1 | AI6: 0 | AJ6: 0 | AK6: 0 | AL6: 0 | AM6: 0x00000000
A7: =IF(H7=0,"",VLOOKUP(I7,seriesName!A:B,2,TRUE)) -> 炎火装束・霸 | B7: =IF(AC7=0,"",VLOOKUP(AC7,skillbasedata!A:B,2,TRUE)) -> 精灵加护 | C7: =IF(AD7=0,"",VLOOKUP(AD7,skillbasedata!A:B,2,TRUE)) -> 死里逃生 | D7: =IF(AE7=0,"",VLOOKUP(AE7,skillbasedata!A:B,2,TRUE)) | E7: =IF(AF7=0,"",VLOOKUP(AF7,skillbasedata!A:B,2,TRUE)) | F7: =IF(AG7=0,"",VLOOKUP(AG7,skillbasedata!A:B,2,TRUE)) | G7: 0x0C100001 | H7: 1 | I7: 1 | J7: 8001 | K7: 30 | L7: 3 | M7: 4000 | N7: 12000 | O7: 2 | P7: 1 | Q7: 1 | R7: 30 | S7: 2 | T7: 0 | U7: 0 | V7: 0 | W7: 0 | X7: 8 | Y7: 0 | Z7: 1 | AA7: 0 | AB7: 0 | AC7: 57 | AD7: 5 | AE7: 0 | AF7: 0 | AG7: 0 | AH7: 1 | AI7: 1 | AJ7: 0 | AK7: 0 | AL7: 0 | AM7: 0x00000000
A8: =IF(H8=0,"",VLOOKUP(I8,seriesName!A:B,2,TRUE)) -> 炎火装束・霸 | B8: =IF(AC8=0,"",VLOOKUP(AC8,skillbasedata!A:B,2,TRUE)) -> 翔虫使 | C8: =IF(AD8=0,"",VLOOKUP(AD8,skillbasedata!A:B,2,TRUE)) -> 墙面移动 | D8: =IF(AE8=0,"",VLOOKUP(AE8,skillbasedata!A:B,2,TRUE)) -> 看破 | E8: =IF(AF8=0,"",VLOOKUP(AF8,skillbasedata!A:B,2,TRUE)) | F8: =IF(AG8=0,"",VLOOKUP(AG8,skillbasedata!A:B,2,TRUE)) | G8: 0x0C200001 | H8: 1 | I8: 1 | J8: 8001 | K8: 30 | L8: 3 | M8: 4000 | N8: 12000 | O8: 2 | P8: 1 | Q8: 1 | R8: 30 | S8: 2 | T8: 0 | U8: 0 | V8: 0 | W8: 0 | X8: 8 | Y8: 0 | Z8: 1 | AA8: 0 | AB8: 0 | AC8: 104 | AD8: 105 | AE8: 6 | AF8: 0 | AG8: 0 | AH8: 2 | AI8: 1 | AJ8: 1 | AK8: 0 | AL8: 0 | AM8: 0x00000000
A9: =IF(H9=0,"",VLOOKUP(I9,seriesName!A:B,2,TRUE)) -> 炎火装束・霸 | B9: =IF(AC9=0,"",VLOOKUP(AC9,skillbasedata!A:B,2,TRUE)) -> 看破 | C9: =IF(AD9=0,"",VLOOKUP(AD9,skillbasedata!A:B,2,TRUE)) -> 火场怪力 | D9: =IF(AE9=0,"",VLOOKUP(AE9,skillbasedata!A:B,2,TRUE)) | E9: =IF(AF9=0,"",VLOOKUP(AF9,skillbasedata!A:B,2,TRUE)) | F9: =IF(AG9=0,"",VLOOKUP(AG9,skillbasedata!A:B,2,TRUE)) | G9: 0x0C300001 | H9: 1 | I9: 1 | J9: 8001 | K9: 30 | L9: 3 | M9: 4000 | N9: 12000 | O9: 2 | P9: 1 | Q9: 1 | R9: 30 | S9: 2 | T9: 0 | U9: 0 | V9: 0 | W9: 0 | X9: 8 | Y9: 0 | Z9: 0 | AA9: 1 | AB9: 0 | AC9: 6 | AD9: 91 | AE9: 0 | AF9: 0 | AG9: 0 | AH9: 2 | AI9: 1 | AJ9: 0 | AK9: 0 | AL9: 0 | AM9: 0x00000000
A10: =IF(H10=0,"",VLOOKUP(I10,seriesName!A:B,2,TRUE)) -> 炎火装束・霸 | B10: =IF(AC10=0,"",VLOOKUP(AC10,skillbasedata!A:B,2,TRUE)) -> 翔虫使 | C10: =IF(AD10=0,"",VLOOKUP(AD10,skillbasedata!A:B,2,TRUE)) -> 看破 | D10: =IF(AE10=0,"",VLOOKUP(AE10,skillbasedata!A:B,2,TRUE)) | E10: =IF(AF10=0,"",VLOOKUP(AF10,skillbasedata!A:B,2,TRUE)) | F10: =IF(AG10=0,"",VLOOKUP(AG10,skillbasedata!A:B,2,TRUE)) | G10: 0x0C400001 | H10: 1 | I10: 1 | J10: 8001 | K10: 30 | L10: 3 | M10: 4000 | N10: 12000 | O10: 2 | P10: 1 | Q10: 1 | R10: 30 | S10: 2 | T10: 0 | U10: 0 | V10: 0 | W10: 0 | X10: 8 | Y10: 0 | Z10: 2 | AA10: 0 | AB10: 0 | AC10: 104 | AD10: 6 | AE10: 0 | AF10: 0 | AG10: 0 | AH10: 1 | AI10: 1 | AJ10: 0 | AK10: 0 | AL10: 0 | AM10: 0x00000000
A11: =IF(H11=0,"",VLOOKUP(I11,seriesName!A:B,2,TRUE)) -> 炎火装束・霸 | B11: =IF(AC11=0,"",VLOOKUP(AC11,skillbasedata!A:B,2,TRUE)) -> 墙面移动 | C11: =IF(AD11=0,"",VLOOKUP(AD11,skillbasedata!A:B,2,TRUE)) -> 死里逃生 | D11: =IF(AE11=0,"",VLOOKUP(AE11,skillbasedata!A:B,2,TRUE)) | E11: =IF(AF11=0,"",VLOOKUP(AF11,skillbasedata!A:B,2,TRUE)) | F11: =IF(AG11=0,"",VLOOKUP(AG11,skillbasedata!A:B,2,TRUE)) | G11: 0x0C500001 | H11: 1 | I11: 1 | J11: 8001 | K11: 30 | L11: 3 | M11: 4000 | N11: 12000 | O11: 2 | P11: 1 | Q11: 1 | R11: 30 | S11: 2 | T11: 0 | U11: 0 | V11: 0 | W11: 0 | X11: 8 | Y11: 0 | Z11: 1 | AA11: 0 | AB11: 0 | AC11: 105 | AD11: 5 | AE11: 0 | AF11: 0 | AG11: 0 | AH11: 2 | AI11: 1 | AJ11: 0 | AK11: 0 | AL11: 0 | AM11: 0x00000000
A12: =IF(H12=0,"",VLOOKUP(I12,seriesName!A:B,2,TRUE)) -> 皮制 | B12: =IF(AC12=0,"",VLOOKUP(AC12,skillbasedata!A:B,2,TRUE)) -> 饥饿耐性 | C12: =IF(AD12=0,"",VLOOKUP(AD12,skillbasedata!A:B,2,TRUE)) | D12: =IF(AE12=0,"",VLOOKUP(AE12,skillbasedata!A:B,2,TRUE)) | E12: =IF(AF12=0,"",VLOOKUP(AF12,skillbasedata!A:B,2,TRUE)) | F12: =IF(AG12=0,"",VLOOKUP(AG12,skillbasedata!A:B,2,TRUE)) | G12: 0x0C100002 | H12: 1 | I12: 2 | J12: 1002 | K12: 0 | L12: 0 | M12: 100 | N12: 300 | O12: 2 | P12: 0 | Q12: 0 | R12: 1 | S12: 0 | T12: 0 | U12: 0 | V12: 0 | W12: 0 | X12: 0 | Y12: 0 | Z12: 0 | AA12: 0 | AB12: 0 | AC12: 96 | AD12: 0 | AE12: 0 | AF12: 0 | AG12: 0 | AH12: 1 | AI12: 0 | AJ12: 0 | AK12: 0 | AL12: 0 | AM12: 0x00000000
A13: =IF(H13=0,"",VLOOKUP(I13,seriesName!A:B,2,TRUE)) -> 皮制 | B13: =IF(AC13=0,"",VLOOKUP(AC13,skillbasedata!A:B,2,TRUE)) -> 植生学 | C13: =IF(AD13=0,"",VLOOKUP(AD13,skillbasedata!A:B,2,TRUE)) | D13: =IF(AE13=0,"",VLOOKUP(AE13,skillbasedata!A:B,2,TRUE)) | E13: =IF(AF13=0,"",VLOOKUP(AF13,skillbasedata!A:B,2,TRUE)) | F13: =IF(AG13=0,"",VLOOKUP(AG13,skillbasedata!A:B,2,TRUE)) | G13: 0x0C200002 | H13: 1 | I13: 2 | J13: 1002 | K13: 0 | L13: 0 | M13: 100 | N13: 300 | O13: 2 | P13: 0 | Q13: 0 | R13: 1 | S13: 0 | T13: 0 | U13: 0 | V13: 0 | W13: 0 | X13: 0 | Y13: 0 | Z13: 0 | AA13: 0 | AB13: 0 | AC13: 79 | AD13: 0 | AE13: 0 | AF13: 0 | AG13: 0 | AH13: 1 | AI13: 0 | AJ13: 0 | AK13: 0 | AL13: 0 | AM13: 0x00000000
... A946: =IF(H946=0,"",VLOOKUP(I946,seriesName!A:B,2,TRUE)) -> 索尼克服装 | B946: =IF(AC946=0,"",VLOOKUP(AC946,skillbasedata!A:B,2,TRUE)) | C946: =IF(AD946=0,"",VLOOKUP(AD946,skillbasedata!A:B,2,TRUE)) | D946: =IF(AE946=0,"",VLOOKUP(AE946,skillbasedata!A:B,2,TRUE)) | E946: =IF(AF946=0,"",VLOOKUP(AF946,skillbasedata!A:B,2,TRUE)) | F946: =IF(AG946=0,"",VLOOKUP(AG946,skillbasedata!A:B,2,TRUE)) | G946: 0x0C5000C0 | H946: 1 | I946: 190 | J946: 2007005 | K946: 121 | L946: 6 | M946: 14000 | N946: 0 | O946: 2 | P946: 1 | Q946: 1 | R946: 0 | S946: 0 | T946: 0 | U946: 0 | V946: 0 | W946: 0 | X946: 12 | Y946: 0 | Z946: 0 | AA946: 0 | AB946: 0 | AC946: 0 | AD946: 0 | AE946: 0 | AF946: 0 | AG946: 0 | AH946: 0 | AI946: 0 | AJ946: 0 | AK946: 0 | AL946: 0 | AM946: 0x00000000
G947: 0x00000000 | H947: 0 | I947: 0 | J947: 0 | K947: 0 | L947: 0 | M947: 0 | N947: 0 | O947: 0 | P947: 0 | Q947: 0 | R947: 0 | S947: 0 | T947: 0 | U947: 0 | V947: 0 | W947: 0 | X947: 0 | Y947: 0 | Z947: 0 | AA947: 0 | AB947: 0 | AC947: 0 | AD947: 0 | AE947: 0 | AF947: 0 | AG947: 0 | AH947: 0 | AI947: 0 | AJ947: 0 | AK947: 0 | AL947: 0 | AM947: 0x00000000
G948: 0x00000000 | H948: 0 | I948: 0 | J948: 0 | K948: 0 | L948: 0 | M948: 0 | N948: 0 | O948: 0 | P948: 0 | Q948: 0 | R948: 0 | S948: 0 | T948: 0 | U948: 0 | V948: 0 | W948: 0 | X948: 0 | Y948: 0 | Z948: 0 | AA948: 0 | AB948: 0 | AC948: 0 | AD948: 0 | AE948: 0 | AF948: 0 | AG948: 0 | AH948: 0 | AI948: 0 | AJ948: 0 | AK948: 0 | AL948: 0 | AM948: 0x00000000
G949: 0x00000000 | H949: 0 | I949: 0 | J949: 0 | K949: 0 | L949: 0 | M949: 0 | N949: 0 | O949: 0 | P949: 0 | Q949: 0 | R949: 0 | S949: 0 | T949: 0 | U949: 0 | V949: 0 | W949: 0 | X949: 0 | Y949: 0 | Z949: 0 | AA949: 0 | AB949: 0 | AC949: 0 | AD949: 0 | AE949: 0 | AF949: 0 | AG949: 0 | AH949: 0 | AI949: 0 | AJ949: 0 | AK949: 0 | AL949: 0 | AM949: 0x00000000
G950: 0x00000000 | H950: 0 | I950: 0 | J950: 0 | K950: 0 | L950: 0 | M950: 0 | N950: 0 | O950: 0 | P950: 0 | Q950: 0 | R950: 0 | S950: 0 | T950: 0 | U950: 0 | V950: 0 | W950: 0 | X950: 0 | Y950: 0 | Z950: 0 | AA950: 0 | AB950: 0 | AC950: 0 | AD950: 0 | AE950: 0 | AF950: 0 | AG950: 0 | AH950: 0 | AI950: 0 | AJ950: 0 | AK950: 0 | AL950: 0 | AM950: 0x00000000
G951: 0x00000000 | H951: 0 | I951: 0 | J951: 0 | K951: 0 | L951: 0 | M951: 0 | N951: 0 | O951: 0 | P951: 0 | Q951: 0 | R951: 0 | S951: 0 | T951: 0 | U951: 0 | V951: 0 | W951: 0 | X951: 0 | Y951: 0 | Z951: 0 | AA951: 0 | AB951: 0 | AC951: 0 | AD951: 0 | AE951: 0 | AF951: 0 | AG951: 0 | AH951: 0 | AI951: 0 | AJ951: 0 | AK951: 0 | AL951: 0 | AM951: 0x00000000
